NUMBER,ID,GLOSS_IN_SOURCE,CONCEPTICON_ID,CONCEPTICON_GLOSS
1,TLS-1999-1589-1,"(Sw: uji)",1167,GRUEL
2,TLS-1999-1589-2,"(brass) wire",2631,WIRE
3,TLS-1999-1589-3,"(cattle or dog) tick",1527,TICK
4,TLS-1999-1589-4,"(court)yard",736,YARD
5,TLS-1999-1589-5,"(crippling) illness",,
6,TLS-1999-1589-6,"(disembodied) spirit",53,SPIRIT
7,TLS-1999-1589-7,"(dry) land",626,LAND
8,TLS-1999-1589-8,"(earthen) cooking pot",1462,POT
9,TLS-1999-1589-9,"(earthenware vessel for servin",1462,POT
10,TLS-1999-1589-10,"(his) father",1217,FATHER
11,TLS-1999-1589-11,"(his) sister, (her) brother",,
12,TLS-1999-1589-12,"(his) sister/(her) brother",,
13,TLS-1999-1589-13,"(kind of bean)",,
14,TLS-1999-1589-14,"(kind of pigeon)",,
15,TLS-1999-1589-15,"(kind of poisonous snake)",,
16,TLS-1999-1589-16,"(kind of rat)",,
17,TLS-1999-1589-17,"(older) brother",,
18,TLS-1999-1589-18,"(our) country",1300,COUNTRY
19,TLS-1999-1589-19,"(professional) hunter",1053,HUNTER
20,TLS-1999-1589-20,"(red-eyed) dove",1853,DOVE
21,TLS-1999-1589-21,"(reddish-brown biting) ant",587,ANT
22,TLS-1999-1589-22,"(runner) bean",,
23,TLS-1999-1589-23,"(small lightish-coloured) monk",,
24,TLS-1999-1589-24,"(small) ant",587,ANT
25,TLS-1999-1589-25,"(sweet) potato",593,POTATO
26,TLS-1999-1589-26,"(very large long-tailed rat)",,
27,TLS-1999-1589-27,"-self",1993,SELF
28,TLS-1999-1589-28,"1",1493,
29,TLS-1999-1589-29,"10",1515,
30,TLS-1999-1589-30,"100",1634,
31,TLS-1999-1589-31,"1000",1843,
32,TLS-1999-1589-32,"11",1706,
33,TLS-1999-1589-33,"12",1707,
34,TLS-1999-1589-34,"13",1708,
35,TLS-1999-1589-35,"2",1498,TWO
36,TLS-1999-1589-36,"20",1710,
37,TLS-1999-1589-37,"200",,
38,TLS-1999-1589-38,"21",1734,
39,TLS-1999-1589-39,"3",492,
40,TLS-1999-1589-40,"4",1500,
41,TLS-1999-1589-41,"40",,
42,TLS-1999-1589-42,"5",493,
43,TLS-1999-1589-43,"50",1717,
44,TLS-1999-1589-44,"6",1703,
45,TLS-1999-1589-45,"7",1704,
46,TLS-1999-1589-46,"8",1705,
47,TLS-1999-1589-47,"80",1722,
48,TLS-1999-1589-48,"9",1483,
49,TLS-1999-1589-49,"90",1724,
50,TLS-1999-1589-50,"East African goshawk",,
51,TLS-1999-1589-51,"Grant's gazelle",,
52,TLS-1999-1589-52,"I",,
53,TLS-1999-1589-53,"a few, not much",,
54,TLS-1999-1589-54,"a song",1096,SONG
55,TLS-1999-1589-55,"a thief",1160,THIEF
56,TLS-1999-1589-56,"abdomen",1251,BELLY
57,TLS-1999-1589-57,"abound",,
58,TLS-1999-1589-58,"above",,
59,TLS-1999-1589-59,"abstain",,
60,TLS-1999-1589-60,"abundant",,
61,TLS-1999-1589-61,"abuse",1953,ABUSE
62,TLS-1999-1589-62,"accept",,
63,TLS-1999-1589-63,"act",,
64,TLS-1999-1589-64,"act; make",,
65,TLS-1999-1589-65,"add to",,
66,TLS-1999-1589-66,"add up",,
67,TLS-1999-1589-67,"affair",2214,AFFAIR
68,TLS-1999-1589-68,"agriculture",,
69,TLS-1999-1589-69,"all",,
70,TLS-1999-1589-70,"all day",,
71,TLS-1999-1589-71,"alter (act)",1264,CHANGE
72,TLS-1999-1589-72,"alter, change",1264,CHANGE
73,TLS-1999-1589-73,"and",1577,AND
74,TLS-1999-1589-74,"animal",,
75,TLS-1999-1589-75,"animal skin",2614,
76,TLS-1999-1589-76,"answer",1275,ANSWER
77,TLS-1999-1589-77,"answer (maswali)",1275,ANSWER
78,TLS-1999-1589-78,"answer a call",,
79,TLS-1999-1589-79,"answer call",,
80,TLS-1999-1589-80,"ant",587,ANT
81,TLS-1999-1589-81,"ant-hill",1873,ANTHILL
82,TLS-1999-1589-82,"anteater",181,ANTEATER
83,TLS-1999-1589-83,"antelope",,
84,TLS-1999-1589-84,"anvil",1648,ANVIL
85,TLS-1999-1589-85,"apply by stretching spread ove",,
86,TLS-1999-1589-86,"apply by stretching, spread ov",,
87,TLS-1999-1589-87,"apply, spread over",,
88,TLS-1999-1589-88,"approach",1778,APPROACH
89,TLS-1999-1589-89,"arm",,
90,TLS-1999-1589-90,"arm, hand",,
91,TLS-1999-1589-91,"armpit",1886,ARMPIT
92,TLS-1999-1589-92,"arrange",1568,ARRANGE
93,TLS-1999-1589-93,"arrange, put in order",1568,ARRANGE
94,TLS-1999-1589-94,"arrange, put right, repair",2243,REPAIR
95,TLS-1999-1589-95,"arrive",,
96,TLS-1999-1589-96,"arrow",977,ARROW
97,TLS-1999-1589-97,"ash(es)",646,ASH
98,TLS-1999-1589-98,"ashes",646,ASH
99,TLS-1999-1589-99,"ask for",1828,ASK (REQUEST)
100,TLS-1999-1589-100,"assemble, collect",7,GATHER
101,TLS-1999-1589-101,"at",1461,AT
102,TLS-1999-1589-102,"at the back of",,
103,TLS-1999-1589-103,"aunt (=father's sister)",,
104,TLS-1999-1589-104,"aunt (father's sister)",,
105,TLS-1999-1589-105,"avoid",,
106,TLS-1999-1589-106,"awe, fear of God",,
107,TLS-1999-1589-107,"axe",677,AXE
108,TLS-1999-1589-108,"baboon",1197,BABOON
109,TLS-1999-1589-109,"baboon, ape",1197,BABOON
110,TLS-1999-1589-110,"baby",1289,BABY
111,TLS-1999-1589-111,"back",,
112,TLS-1999-1589-112,"backbone",805,SPINE
113,TLS-1999-1589-113,"bad",,
114,TLS-1999-1589-114,"bad smell (of fish)",,
115,TLS-1999-1589-115,"bait",2013,BAIT
116,TLS-1999-1589-116,"banana",868,BANANA
117,TLS-1999-1589-117,"banana (fruit)",868,BANANA
118,TLS-1999-1589-118,"banana (plant)",868,BANANA
119,TLS-1999-1589-119,"banana for cooking",,
120,TLS-1999-1589-120,"banana for cooking `matoke'",,
121,TLS-1999-1589-121,"banana rope",,
122,TLS-1999-1589-122,"baobab",,
123,TLS-1999-1589-123,"bark (of tree)",,
124,TLS-1999-1589-124,"bark (tree)",,
125,TLS-1999-1589-125,"barren (of land)",,
126,TLS-1999-1589-126,"barren (of living being)",,
127,TLS-1999-1589-127,"barren woman",,
128,TLS-1999-1589-128,"base of tree trunk",,
129,TLS-1999-1589-129,"base of tree-trunk",,
130,TLS-1999-1589-130,"bask (in the sun), warm onesel",,
131,TLS-1999-1589-131,"basket",1539,BASKET
132,TLS-1999-1589-132,"basket of open wicker-work",,
133,TLS-1999-1589-133,"basket of open wicker-work (na",,
134,TLS-1999-1589-134,"bathe",138,BATHE
135,TLS-1999-1589-135,"be",1579,BE
136,TLS-1999-1589-136,"be adjacent, border",2546,BORDER
137,TLS-1999-1589-137,"be afraid",1419,FEAR (BE AFRAID)
138,TLS-1999-1589-138,"be boiling",,
139,TLS-1999-1589-139,"be born",1090,BE BORN
140,TLS-1999-1589-140,"be enough",1881,ENOUGH
141,TLS-1999-1589-141,"be extinguished",2209,BECOME EXTINGUISHED
142,TLS-1999-1589-142,"be fitting, behoove",,
143,TLS-1999-1589-143,"be fitting, behove",,
144,TLS-1999-1589-144,"be full developed",,
145,TLS-1999-1589-145,"be fully developed",,
146,TLS-1999-1589-146,"be fully grown",,
147,TLS-1999-1589-147,"be gathered, be assembled",,
148,TLS-1999-1589-148,"be high (of meat)",,
149,TLS-1999-1589-149,"be high (of meta)",,
150,TLS-1999-1589-150,"be ill",1847,SICK
151,TLS-1999-1589-151,"be ill, groan",716,GROAN
152,TLS-1999-1589-152,"be lame",320,LAME
153,TLS-1999-1589-153,"be leaning",,
154,TLS-1999-1589-154,"be left over, remain over",,
155,TLS-1999-1589-155,"be light in weight",,
156,TLS-1999-1589-156,"be listless",,
157,TLS-1999-1589-157,"be loose, faint, weak",1601,WEAK
158,TLS-1999-1589-158,"be lying down",1411,LIE (REST)
159,TLS-1999-1589-159,"be mutilated",,
160,TLS-1999-1589-160,"be owed by",,
161,TLS-1999-1589-161,"be pleased",,
162,TLS-1999-1589-162,"be pregnant",1123,PREGNANT
163,TLS-1999-1589-163,"be properly flavoured",,
164,TLS-1999-1589-164,"be quiet",1314,QUIET
165,TLS-1999-1589-165,"be round",1395,ROUND
166,TLS-1999-1589-166,"be settled, be in good order",,
167,TLS-1999-1589-167,"be sharp",1396,SHARP
168,TLS-1999-1589-168,"be shriveled, wrinkled",380,WRINKLED
169,TLS-1999-1589-169,"be shrivelled, wrinkled",380,WRINKLED
170,TLS-1999-1589-170,"be silent",48,BE SILENT
171,TLS-1999-1589-171,"be sitting",,
172,TLS-1999-1589-172,"be spread abroad, become gener",,
173,TLS-1999-1589-173,"be spread out",38,SPREAD OUT
174,TLS-1999-1589-174,"be stunted, spoilt",,
175,TLS-1999-1589-175,"be the same size or height as",,
176,TLS-1999-1589-176,"be wide",1243,WIDE
177,TLS-1999-1589-177,"be, become",1990,BECOME
178,TLS-1999-1589-178,"be/go rotten",,
179,TLS-1999-1589-179,"beach, coast",1525,COAST
180,TLS-1999-1589-180,"bead(s)",1860,BEAD
181,TLS-1999-1589-181,"bean",832,BEAN
182,TLS-1999-1589-182,"bear child",,
183,TLS-1999-1589-183,"beard",678,BEARD
184,TLS-1999-1589-184,"beat",,
185,TLS-1999-1589-185,"beautiful",,
186,TLS-1999-1589-186,"because",1157,BECAUSE
187,TLS-1999-1589-187,"become bad",1728,ROTTEN
188,TLS-1999-1589-188,"become bad, rotten",1728,ROTTEN
189,TLS-1999-1589-189,"become bent",,
190,TLS-1999-1589-190,"become bitter",,
191,TLS-1999-1589-191,"become burnt",1428,BURNING
192,TLS-1999-1589-192,"become cheerful",,
193,TLS-1999-1589-193,"become cooked",,
194,TLS-1999-1589-194,"become cool; get well",,
195,TLS-1999-1589-195,"become drunk",,
196,TLS-1999-1589-196,"become dry and hard",,
197,TLS-1999-1589-197,"become extinguished",2209,BECOME EXTINGUISHED
198,TLS-1999-1589-198,"become fitting",,
199,TLS-1999-1589-199,"become full",1429,FULL
200,TLS-1999-1589-200,"become heavy",,
201,TLS-1999-1589-201,"become ill",,
202,TLS-1999-1589-202,"become intoxicated",,
203,TLS-1999-1589-203,"become jammed",,
204,TLS-1999-1589-204,"become lame",,
205,TLS-1999-1589-205,"become lean, grow thin",,
206,TLS-1999-1589-206,"become leaning",,
207,TLS-1999-1589-207,"become long",,
208,TLS-1999-1589-208,"become pregnant",,
209,TLS-1999-1589-209,"become ripe",,
210,TLS-1999-1589-210,"become rotten",,
211,TLS-1999-1589-211,"become round",,
212,TLS-1999-1589-212,"become satiated",,
213,TLS-1999-1589-213,"become strong",,
214,TLS-1999-1589-214,"become wet",,
215,TLS-1999-1589-215,"become, be",1579,BE
216,TLS-1999-1589-216,"bed",1663,BED
217,TLS-1999-1589-217,"bedstead",,
218,TLS-1999-1589-218,"bee",665,BEE
219,TLS-1999-1589-219,"beer",1639,BEER
220,TLS-1999-1589-220,"befit, suit",764,SUIT
221,TLS-1999-1589-221,"begin",1806,BEGIN
222,TLS-1999-1589-222,"being one-eyed",,
223,TLS-1999-1589-223,"bell",2246,BELL
224,TLS-1999-1589-224,"belly",1251,BELLY
225,TLS-1999-1589-225,"belly, stomach",,
226,TLS-1999-1589-226,"below, underneath",,
227,TLS-1999-1589-227,"bend",,
228,TLS-1999-1589-228,"bend over",,
229,TLS-1999-1589-229,"bend, twist",430,TWIST
230,TLS-1999-1589-230,"bewitch",118,BEWITCH
231,TLS-1999-1589-231,"bifurcation, cross-roads",,
232,TLS-1999-1589-232,"big",1202,BIG
233,TLS-1999-1589-233,"bile",1780,BILE
234,TLS-1999-1589-234,"bind up, splice",,
235,TLS-1999-1589-235,"bird",937,BIRD
236,TLS-1999-1589-236,"bird (=ndege)",,
237,TLS-1999-1589-237,"bird-lime",,
238,TLS-1999-1589-238,"birdlime",,
239,TLS-1999-1589-239,"bite",1403,BITE
240,TLS-1999-1589-240,"bitter",887,BITTER
241,TLS-1999-1589-241,"bitterness",887,BITTER
242,TLS-1999-1589-242,"black",163,BLACK
243,TLS-1999-1589-243,"bladder",1746,BLADDER
244,TLS-1999-1589-244,"blind person",457,BLIND PERSON
245,TLS-1999-1589-245,"blood",946,BLOOD
246,TLS-1999-1589-246,"blow",,
247,TLS-1999-1589-247,"blow (vb)",,
248,TLS-1999-1589-248,"blow away",,
249,TLS-1999-1589-249,"blow bellows",,
250,TLS-1999-1589-250,"blow on, blow up",,
251,TLS-1999-1589-251,"boast, brag, praise oneself",101,BOAST
252,TLS-1999-1589-252,"boast, brag, praise onself",101,BOAST
253,TLS-1999-1589-253,"boat",1844,BOAT
254,TLS-1999-1589-254,"body",1480,BODY
255,TLS-1999-1589-255,"boil",,
256,TLS-1999-1589-256,"boil (something)",,
257,TLS-1999-1589-257,"boil up",,
258,TLS-1999-1589-258,"boil, abscess",,
259,TLS-1999-1589-259,"bone",1394,BONE
260,TLS-1999-1589-260,"borassus palm",,
261,TLS-1999-1589-261,"bore a hole",,
262,TLS-1999-1589-262,"borrow",1823,BORROW
263,TLS-1999-1589-263,"bottle",1321,BOTTLE
264,TLS-1999-1589-264,"boundary",1010,BOUNDARY
265,TLS-1999-1589-265,"bow",994,BOW
266,TLS-1999-1589-266,"bow, bending",,
267,TLS-1999-1589-267,"bowstring",2119,BOW STRING
268,TLS-1999-1589-268,"brain",1583,BRAIN
269,TLS-1999-1589-269,"branch",,
270,TLS-1999-1589-270,"bread",1368,BREAD
271,TLS-1999-1589-271,"bread; mush",1368,BREAD
272,TLS-1999-1589-272,"break",680,BREAK (DESTROY OR GET DESTROYED)
273,TLS-1999-1589-273,"break (leg)",,
274,TLS-1999-1589-274,"break (pot)",,
275,TLS-1999-1589-275,"break wind",1159,FART
276,TLS-1999-1589-276,"break, snap",,
277,TLS-1999-1589-277,"breast",,
278,TLS-1999-1589-278,"breast (ya mke)",,
279,TLS-1999-1589-279,"breath, breathing",,
280,TLS-1999-1589-280,"breathe",1407,BREATHE
281,TLS-1999-1589-281,"breathe, rest",,
282,TLS-1999-1589-282,"breathe; rest",,
283,TLS-1999-1589-283,"bridge",1011,BRIDGE
284,TLS-1999-1589-284,"bridge (wa mbao)",1011,BRIDGE
285,TLS-1999-1589-285,"bring to light",,
286,TLS-1999-1589-286,"bring up (a child)",2134,RAISE (A CHILD)
287,TLS-1999-1589-287,"bring, fetch",692,BRING
288,TLS-1999-1589-288,"brook, stream",,
289,TLS-1999-1589-289,"broom",245,BROOM
290,TLS-1999-1589-290,"broom (for sweeping)",245,BROOM
291,TLS-1999-1589-291,"broth",1547,SOUP
292,TLS-1999-1589-292,"brother",,
293,TLS-1999-1589-293,"brother, relative, fellow-trib",,
294,TLS-1999-1589-294,"brother-in-law, sister-in-law",,
295,TLS-1999-1589-295,"buffalo",934,BUFFALO
296,TLS-1999-1589-296,"buffalo (=mbogo)",,
297,TLS-1999-1589-297,"build",1840,BUILD
298,TLS-1999-1589-298,"bull",1008,BULL
299,TLS-1999-1589-299,"bullrush millet",,
300,TLS-1999-1589-300,"bunch",1966,BUNCH
301,TLS-1999-1589-301,"bunch (la nywele)",1966,BUNCH
302,TLS-1999-1589-302,"burden, load",1679,LOAD
303,TLS-1999-1589-303,"burn",,
304,TLS-1999-1589-304,"burn (make something burn)",,
305,TLS-1999-1589-305,"bury",1719,BURY
306,TLS-1999-1589-306,"bush",1683,BUSH
307,TLS-1999-1589-307,"buttermilk",,
308,TLS-1999-1589-308,"buttock",834,BUTTOCKS
309,TLS-1999-1589-309,"buttocks",834,BUTTOCKS
310,TLS-1999-1589-310,"buy",1869,BUY
311,TLS-1999-1589-311,"calabash",411,GOURD
312,TLS-1999-1589-312,"calf",1989,CALF
313,TLS-1999-1589-313,"calf of the leg",498,CALF OF LEG
314,TLS-1999-1589-314,"call",,
315,TLS-1999-1589-315,"call/shout",,
316,TLS-1999-1589-316,"canine tooth, tooth filed to a",,
317,TLS-1999-1589-317,"canoe",1970,CANOE
318,TLS-1999-1589-318,"carpenter's adze",,
319,TLS-1999-1589-319,"carry",700,CARRY
320,TLS-1999-1589-320,"carry a child on the back",,
321,TLS-1999-1589-321,"carry a child on the back (in",,
322,TLS-1999-1589-322,"carry astride on the hip",,
323,TLS-1999-1589-323,"carry on the head",,
324,TLS-1999-1589-324,"cat",1208,CAT
325,TLS-1999-1589-325,"catch unawares, startle",,
326,TLS-1999-1589-326,"catch unawares, statle",,
327,TLS-1999-1589-327,"cattle",1153,CATTLE
328,TLS-1999-1589-328,"cattle droppings",,
329,TLS-1999-1589-329,"cease",,
330,TLS-1999-1589-330,"cease, finish",,
331,TLS-1999-1589-331,"centipede",1974,CENTIPEDE
332,TLS-1999-1589-332,"chameleon",1555,CHAMELEON
333,TLS-1999-1589-333,"change",1264,CHANGE
334,TLS-1999-1589-334,"charcoal",,
335,TLS-1999-1589-335,"charm (esp. to ensure wife's f",1271,DELIGHT
336,TLS-1999-1589-336,"chase (away)",1435,HUNT
337,TLS-1999-1589-337,"chase, chase away",1435,HUNT
338,TLS-1999-1589-338,"cheek",1730,CHEEK
339,TLS-1999-1589-339,"cheetah",,
340,TLS-1999-1589-340,"chest",1592,CHEST
341,TLS-1999-1589-341,"chest (of animals and birds)",1592,CHEST
342,TLS-1999-1589-342,"chew",321,CHEW
343,TLS-1999-1589-343,"chicken",,
344,TLS-1999-1589-344,"chief",,
345,TLS-1999-1589-345,"chief, headman",,
346,TLS-1999-1589-346,"child",,
347,TLS-1999-1589-347,"chin",1510,CHIN
348,TLS-1999-1589-348,"choose",1750,CHOOSE
349,TLS-1999-1589-349,"civet cat",,
350,TLS-1999-1589-350,"civet cat (also paka wa zabadi",,
351,TLS-1999-1589-351,"clan",302,CLAN
352,TLS-1999-1589-352,"claw",72,CLAW
353,TLS-1999-1589-353,"climb, ascend",705,GO UP (ASCEND)
354,TLS-1999-1589-354,"clod",,
355,TLS-1999-1589-355,"clod, lump",,
356,TLS-1999-1589-356,"close",2063,CLOSE (EYES)
357,TLS-1999-1589-357,"close (eyes, mouth)",2063,CLOSE (EYES)
358,TLS-1999-1589-358,"close (the eyes, mouth, etc.)",2063,CLOSE (EYES)
359,TLS-1999-1589-359,"cloth",1616,CLOTH
360,TLS-1999-1589-360,"clothe",158,PUT ON
361,TLS-1999-1589-361,"clothes, material",1895,CLOTHES
362,TLS-1999-1589-362,"clothing",1895,CLOTHES
363,TLS-1999-1589-363,"cloud",1489,CLOUD
364,TLS-1999-1589-364,"co-wife",,
365,TLS-1999-1589-365,"coagulate",2395,CONGEAL (BLOOD)
366,TLS-1999-1589-366,"cohabit",,
367,TLS-1999-1589-367,"cold",102,COMMON COLD (DISEASE)
368,TLS-1999-1589-368,"cold (as: it is cold)",,
369,TLS-1999-1589-369,"colobus monkey",,
370,TLS-1999-1589-370,"colobus monkey (w/ long black",,
371,TLS-1999-1589-371,"colobus monkey (with long blac",,
372,TLS-1999-1589-372,"come",,
373,TLS-1999-1589-373,"come in, go in",749,ENTER
374,TLS-1999-1589-374,"come on suddenly, take in the",,
375,TLS-1999-1589-375,"come out",,
376,TLS-1999-1589-376,"come to an end",,
377,TLS-1999-1589-377,"construct, put together",,
378,TLS-1999-1589-378,"continuous rain",,
379,TLS-1999-1589-379,"cook",1100,COOK (SOMETHING)
380,TLS-1999-1589-380,"cook in water or fat",1279,FAT (OBESE)
381,TLS-1999-1589-381,"cool down",,
382,TLS-1999-1589-382,"cool, cure, heal",,
383,TLS-1999-1589-383,"copper, brass",1825,COPPER
384,TLS-1999-1589-384,"copy a pattern",,
385,TLS-1999-1589-385,"cork, stopper",,
386,TLS-1999-1589-386,"corpse",767,CORPSE
387,TLS-1999-1589-387,"cough",879,COUGH
388,TLS-1999-1589-388,"count",1420,COUNT
389,TLS-1999-1589-389,"country",1300,COUNTRY
390,TLS-1999-1589-390,"courtyard",4,COURTYARD
391,TLS-1999-1589-391,"cover",761,COVER
392,TLS-1999-1589-392,"cover (up)",761,COVER
393,TLS-1999-1589-393,"cow",1007,COW
394,TLS-1999-1589-394,"coward",1319,COWARD
395,TLS-1999-1589-395,"cowrie shell",,
396,TLS-1999-1589-396,"crab",2348,CRAB
397,TLS-1999-1589-397,"crawl, creep",96,CRAWL
398,TLS-1999-1589-398,"cricket",2354,CRICKET
399,TLS-1999-1589-399,"cricket (nyenze)",2354,CRICKET
400,TLS-1999-1589-400,"cripple",,
401,TLS-1999-1589-401,"crocodile",1857,CROCODILE
402,TLS-1999-1589-402,"crocodile (ngwena)",1857,CROCODILE
403,TLS-1999-1589-403,"cross (a river)",1742,TRAVERSE
404,TLS-1999-1589-404,"cross river",1742,TRAVERSE
405,TLS-1999-1589-405,"crow",913,CROW
406,TLS-1999-1589-406,"crown of the head",,
407,TLS-1999-1589-407,"crumple",,
408,TLS-1999-1589-408,"crush by pounding pulverize",,
409,TLS-1999-1589-409,"crush by pounding, pulverise",,
410,TLS-1999-1589-410,"crust",,
411,TLS-1999-1589-411,"cry, wail",,
412,TLS-1999-1589-412,"cudgel",,
413,TLS-1999-1589-413,"cultivate",1541,CULTIVATE
414,TLS-1999-1589-414,"cultivated area (Sw: shamba)",,
415,TLS-1999-1589-415,"cultivated ground",,
416,TLS-1999-1589-416,"cultivated ground (shamba)",,
417,TLS-1999-1589-417,"curdled milk",,
418,TLS-1999-1589-418,"cut",,
419,TLS-1999-1589-419,"cut firewood",,
420,TLS-1999-1589-420,"cut to shape, sharpen to a poi",,
421,TLS-1999-1589-421,"cut, lop",,
422,TLS-1999-1589-422,"dance",1879,DANCE
423,TLS-1999-1589-423,"dance (of men, to show courage",1879,DANCE
424,TLS-1999-1589-424,"dance about",,
425,TLS-1999-1589-425,"dark, black",,
426,TLS-1999-1589-426,"darkness",11,DARKNESS
427,TLS-1999-1589-427,"date palm",,
428,TLS-1999-1589-428,"dawn",729,DAWN
429,TLS-1999-1589-429,"dawn, daybreak",729,DAWN
430,TLS-1999-1589-430,"day",,
431,TLS-1999-1589-431,"day (it is not night)",,
432,TLS-1999-1589-432,"day-time",,
433,TLS-1999-1589-433,"dead person",,
434,TLS-1999-1589-434,"death",910,DEATH
435,TLS-1999-1589-435,"decorate",1739,DECORATE
436,TLS-1999-1589-436,"defecate",676,SHIT (DEFECATE)
437,TLS-1999-1589-437,"denial",,
438,TLS-1999-1589-438,"deny",755,DENY
439,TLS-1999-1589-439,"desire",2117,DESIRE
440,TLS-1999-1589-440,"destroy, spoil",,
441,TLS-1999-1589-441,"dew",1977,DEW
442,TLS-1999-1589-442,"die",,
443,TLS-1999-1589-443,"dig",1418,DIG
444,TLS-1999-1589-444,"dig hole (in the ground)",1418,DIG
445,TLS-1999-1589-445,"dig up, dig out",,
446,TLS-1999-1589-446,"dig up, fling up earth",,
447,TLS-1999-1589-447,"diminish, grow less",1184,DIMINISH
448,TLS-1999-1589-448,"dip",,
449,TLS-1999-1589-449,"dirt",25,DIRT
450,TLS-1999-1589-450,"dirty",1230,DIRTY
451,TLS-1999-1589-451,"dish",481,DISH
452,TLS-1999-1589-452,"district, province, country",1300,COUNTRY
453,TLS-1999-1589-453,"divide",1119,DIVIDE
454,TLS-1999-1589-454,"divorce",1134,DIVORCE
455,TLS-1999-1589-455,"do",,
456,TLS-1999-1589-456,"do, complete, finish",,
457,TLS-1999-1589-457,"dog",2009,DOG
458,TLS-1999-1589-458,"donkey",1862,DONKEY
459,TLS-1999-1589-459,"door",1567,DOOR
460,TLS-1999-1589-460,"dove",1853,DOVE
461,TLS-1999-1589-461,"draw (water from well)",,
462,TLS-1999-1589-462,"draw (water)",,
463,TLS-1999-1589-463,"draw water",1911,DRAW (WATER)
464,TLS-1999-1589-464,"dream",,
465,TLS-1999-1589-465,"drink",1401,DRINK
466,TLS-1999-1589-466,"drizzle",1016,DRIZZLE
467,TLS-1999-1589-467,"drop, throw down",,
468,TLS-1999-1589-468,"drum",908,DRUM
469,TLS-1999-1589-469,"dry",,
470,TLS-1999-1589-470,"dry up",1786,DRY UP
471,TLS-1999-1589-471,"dry up, become dry",1786,DRY UP
472,TLS-1999-1589-472,"dry up, ebb",1786,DRY UP
473,TLS-1999-1589-473,"duck",1360,DUCK
474,TLS-1999-1589-474,"dug-out canoe",,
475,TLS-1999-1589-475,"dull",,
476,TLS-1999-1589-476,"dull (not sharp)",,
477,TLS-1999-1589-477,"dust",2,DUST
478,TLS-1999-1589-478,"dust, cloud of dust",,
479,TLS-1999-1589-479,"dwell",363,DWELL (LIVE, RESIDE)
480,TLS-1999-1589-480,"eagerness, zeal",,
481,TLS-1999-1589-481,"eagle, bird of prey",1905,EAGLE
482,TLS-1999-1589-482,"ear",,
483,TLS-1999-1589-483,"earth",626,LAND
484,TLS-1999-1589-484,"earth, land",626,LAND
485,TLS-1999-1589-485,"eat",1336,EAT
486,TLS-1999-1589-486,"effort, exertion",,
487,TLS-1999-1589-487,"egg",744,EGG
488,TLS-1999-1589-488,"eight",1705,EIGHT
489,TLS-1999-1589-489,"elbow",981,ELBOW
490,TLS-1999-1589-490,"elbow (cha mkono)",981,ELBOW
491,TLS-1999-1589-491,"elephant",1290,ELEPHANT
492,TLS-1999-1589-492,"elephant (=tembo)",1290,ELEPHANT
493,TLS-1999-1589-493,"elephant's tusk",,
494,TLS-1999-1589-494,"embers",67,EMBERS
495,TLS-1999-1589-495,"embrace",928,EMBRACE
496,TLS-1999-1589-496,"enter",749,ENTER
497,TLS-1999-1589-497,"escape, recover",1978,RECOVER
498,TLS-1999-1589-498,"evening",1629,EVENING
499,TLS-1999-1589-499,"everlasting",,
500,TLS-1999-1589-500,"evil spirit",1973,DEMON
501,TLS-1999-1589-501,"examine, measure, test",1975,CHECK
502,TLS-1999-1589-502,"excrement",675,FAECES (EXCREMENT)
503,TLS-1999-1589-503,"excrement, dung",2057,DUNG (ANIMAL FAECES)
504,TLS-1999-1589-504,"excreta",47,EXCRETA
505,TLS-1999-1589-505,"exercise, drive out a devil (-",,
506,TLS-1999-1589-506,"exercise; drive out a devil",,
507,TLS-1999-1589-507,"explain",1626,EXPLAIN
508,TLS-1999-1589-508,"extinguish",127,EXTINGUISH
509,TLS-1999-1589-509,"eye",1248,EYE
510,TLS-1999-1589-510,"eyebrow",1173,EYEBROW
511,TLS-1999-1589-511,"eyelash",1540,EYELASH
512,TLS-1999-1589-512,"face",1560,FACE
513,TLS-1999-1589-513,"face downwards",,
514,TLS-1999-1589-514,"fade, disappear",485,DISAPPEAR
515,TLS-1999-1589-515,"faint, lose consciousness",,
516,TLS-1999-1589-516,"fall",1276,AUTUMN
517,TLS-1999-1589-517,"fall short",,
518,TLS-1999-1589-518,"falling trap",,
519,TLS-1999-1589-519,"fan, wave",,
520,TLS-1999-1589-520,"far",1406,FAR
521,TLS-1999-1589-521,"farmer",979,FARMER
522,TLS-1999-1589-522,"fasten",1094,FASTEN
523,TLS-1999-1589-523,"fat (of animals)",,
524,TLS-1999-1589-524,"fat/grease/oil",,
525,TLS-1999-1589-525,"father",1217,FATHER
526,TLS-1999-1589-526,"father-in-law, mother-in-law",,
527,TLS-1999-1589-527,"fear",781,FEAR (FRIGHT)
528,TLS-1999-1589-528,"feather",1201,FEATHER
529,TLS-1999-1589-529,"feathers, fur",,
530,TLS-1999-1589-530,"female slave",,
531,TLS-1999-1589-531,"fence, enclosure",1690,FENCE
532,TLS-1999-1589-532,"ferment, turn sour",2229,BECOME SOUR
533,TLS-1999-1589-533,"few",1242,FEW
534,TLS-1999-1589-534,"field",212,FIELD
535,TLS-1999-1589-535,"field rat",,
536,TLS-1999-1589-536,"fierce, sharp",1396,SHARP
537,TLS-1999-1589-537,"fig mulberry tree",,
538,TLS-1999-1589-538,"fig tree",,
539,TLS-1999-1589-539,"fig-mulberry tree",,
540,TLS-1999-1589-540,"fig-tree",,
541,TLS-1999-1589-541,"fight",1423,FIGHT
542,TLS-1999-1589-542,"fill",2006,FILL
543,TLS-1999-1589-543,"filter, strain",940,STRAIN
544,TLS-1999-1589-544,"filth",1230,DIRTY
545,TLS-1999-1589-545,"final, decisive",,
546,TLS-1999-1589-546,"find",719,FIND
547,TLS-1999-1589-547,"fine, excellent",,
548,TLS-1999-1589-548,"finger",,
549,TLS-1999-1589-549,"finger-nail",,
550,TLS-1999-1589-550,"fingernail",,
551,TLS-1999-1589-551,"finish",1766,FINISH
552,TLS-1999-1589-552,"fire",221,FIRE
553,TLS-1999-1589-553,"fireplace",185,FIREPLACE
554,TLS-1999-1589-554,"fireplace, hearth, kitchen",185,FIREPLACE
555,TLS-1999-1589-555,"firewood",10,FIREWOOD
556,TLS-1999-1589-556,"fish",227,FISH
557,TLS-1999-1589-557,"fish (old Swahili nswi)",227,FISH
558,TLS-1999-1589-558,"fish up, pull out",2325,PULL OUT
559,TLS-1999-1589-559,"fish with a line",,
560,TLS-1999-1589-560,"fish with line",,
561,TLS-1999-1589-561,"fish-hook",1074,FISHHOOK
562,TLS-1999-1589-562,"fishhook",1074,FISHHOOK
563,TLS-1999-1589-563,"fishing line",19,FISHING LINE
564,TLS-1999-1589-564,"fist",1473,FIST
565,TLS-1999-1589-565,"five",493,FIVE
566,TLS-1999-1589-566,"flap (wings)",,
567,TLS-1999-1589-567,"flap the wings wildly, flutter",,
568,TLS-1999-1589-568,"flap wings",,
569,TLS-1999-1589-569,"flat of hand",,
570,TLS-1999-1589-570,"flatulence",,
571,TLS-1999-1589-571,"float",1574,FLOAT
572,TLS-1999-1589-572,"flow",2003,FLOW
573,TLS-1999-1589-573,"flower",239,FLOWER
574,TLS-1999-1589-574,"fly",,
575,TLS-1999-1589-575,"foam",1768,FOAM
576,TLS-1999-1589-576,"foam/froth",1768,FOAM
577,TLS-1999-1589-577,"fog",249,FOG
578,TLS-1999-1589-578,"fold",1470,FOLD
579,TLS-1999-1589-579,"follow",1085,FOLLOW
580,TLS-1999-1589-580,"follow (in order)",1085,FOLLOW
581,TLS-1999-1589-581,"food",256,FOOD
582,TLS-1999-1589-582,"food supply for a journey",,
583,TLS-1999-1589-583,"foot",1301,FOOT
584,TLS-1999-1589-584,"footfall",,
585,TLS-1999-1589-585,"forest",420,FOREST
586,TLS-1999-1589-586,"forge",288,FORGE
587,TLS-1999-1589-587,"forgent",,
588,TLS-1999-1589-588,"forget",1523,FORGET
589,TLS-1999-1589-589,"forgive",1528,FORGIVE
590,TLS-1999-1589-590,"fork (in road, etc.)",,
591,TLS-1999-1589-591,"fork, bifurcation",,
592,TLS-1999-1589-592,"four",1500,FOUR
593,TLS-1999-1589-593,"free food (Sw: kimoshi kando)",,
594,TLS-1999-1589-594,"free food (kimoshi kando)",,
595,TLS-1999-1589-595,"freeze",1431,FREEZE
596,TLS-1999-1589-596,"friend",1325,FRIEND
597,TLS-1999-1589-597,"frog",503,FROG
598,TLS-1999-1589-598,"fruit",1507,FRUIT
599,TLS-1999-1589-599,"fry",,
600,TLS-1999-1589-600,"fry; roast",2146,ROAST OR FRY
601,TLS-1999-1589-601,"full",1429,FULL
602,TLS-1999-1589-602,"fur",,
603,TLS-1999-1589-603,"gall-bladder",,
604,TLS-1999-1589-604,"garden",586,GARDEN
605,TLS-1999-1589-605,"gather (flowers, fruit)",,
606,TLS-1999-1589-606,"gather up",7,GATHER
607,TLS-1999-1589-607,"genet",,
608,TLS-1999-1589-608,"genet (=kind of speckled civet",,
609,TLS-1999-1589-609,"genet (kind of speckled civet",,
610,TLS-1999-1589-610,"genet (kind of speckled civet)",,
611,TLS-1999-1589-611,"get accustomed",1118,ACCUSTOM
612,TLS-1999-1589-612,"get dark",,
613,TLS-1999-1589-613,"get fat (of animals)",,
614,TLS-1999-1589-614,"get intoxicated",,
615,TLS-1999-1589-615,"get light",,
616,TLS-1999-1589-616,"get lost",423,GET LOST
617,TLS-1999-1589-617,"get obtain",,
618,TLS-1999-1589-618,"get washed",,
619,TLS-1999-1589-619,"get wet",2324,GET WET
620,TLS-1999-1589-620,"get, obtain",694,GET
621,TLS-1999-1589-621,"giraffe",,
622,TLS-1999-1589-622,"give",1447,GIVE
623,TLS-1999-1589-623,"give away",,
624,TLS-1999-1589-624,"give away (present)",,
625,TLS-1999-1589-625,"give birth to",,
626,TLS-1999-1589-626,"give birth to a child",,
627,TLS-1999-1589-627,"give in marriage (of parents,",,
628,TLS-1999-1589-628,"give leave, send away",,
629,TLS-1999-1589-629,"give light to",,
630,TLS-1999-1589-630,"give out smoke",,
631,TLS-1999-1589-631,"glide, trickle",,
632,TLS-1999-1589-632,"go",,
633,TLS-1999-1589-633,"go back",581,COME BACK
634,TLS-1999-1589-634,"go back, return",581,COME BACK
635,TLS-1999-1589-635,"go down",2014,GO DOWN (DESCEND)
636,TLS-1999-1589-636,"go home from work",,
637,TLS-1999-1589-637,"go in, come in",749,ENTER
638,TLS-1999-1589-638,"go out, go away",1752,LEAVE
639,TLS-1999-1589-639,"go round, turn round",1445,TURN (SOMETHING)
640,TLS-1999-1589-640,"go through",,
641,TLS-1999-1589-641,"go up (climb up)",705,GO UP (ASCEND)
642,TLS-1999-1589-642,"goat",1502,GOAT
643,TLS-1999-1589-643,"god",1944,GOD
644,TLS-1999-1589-644,"good",,
645,TLS-1999-1589-645,"grain",605,GRAIN
646,TLS-1999-1589-646,"grain (ya mtama)",605,GRAIN
647,TLS-1999-1589-647,"grandfather",,
648,TLS-1999-1589-648,"grandmother",1496,GRANDMOTHER
649,TLS-1999-1589-649,"grasp, hold in arm",,
650,TLS-1999-1589-650,"grass",606,GRASS
651,TLS-1999-1589-651,"grass (one piece)",606,GRASS
652,TLS-1999-1589-652,"grass, reeds",659,REED
653,TLS-1999-1589-653,"grate",,
654,TLS-1999-1589-654,"great, powerful",,
655,TLS-1999-1589-655,"green",1425,GREEN
656,TLS-1999-1589-656,"grief, sorrow",1668,GRIEF
657,TLS-1999-1589-657,"grind",1033,GRIND
658,TLS-1999-1589-658,"grind (grain with a millstone)",1033,GRIND
659,TLS-1999-1589-659,"grind coarsely",,
660,TLS-1999-1589-660,"groan",716,GROAN
661,TLS-1999-1589-661,"groove, furrow",1794,FURROW
662,TLS-1999-1589-662,"ground",2159,GROUND
663,TLS-1999-1589-663,"grow (of plants)",,
664,TLS-1999-1589-664,"grow up",,
665,TLS-1999-1589-665,"grow up, get large, become gre",,
666,TLS-1999-1589-666,"gruel",1167,GRUEL
667,TLS-1999-1589-667,"grunt with effort",,
668,TLS-1999-1589-668,"grunt, grumble",,
669,TLS-1999-1589-669,"guess",1932,GUESS
670,TLS-1999-1589-670,"guide aright",,
671,TLS-1999-1589-671,"guinea fowl (Swahili: kanga)",456,GUINEA FOWL
672,TLS-1999-1589-672,"guinea fowl (kanga)",456,GUINEA FOWL
673,TLS-1999-1589-673,"guinea-fowl",456,GUINEA FOWL
674,TLS-1999-1589-674,"gun",1566,GUN
675,TLS-1999-1589-675,"guts",1334,GUTS
676,TLS-1999-1589-676,"guts/intestine",1991,INTESTINES
677,TLS-1999-1589-677,"hair",,
678,TLS-1999-1589-678,"half-wild tomcat",,
679,TLS-1999-1589-679,"half-wild tomcat (also shume l",,
680,TLS-1999-1589-680,"hammer",1481,HAMMER
681,TLS-1999-1589-681,"hand",1277,HAND
682,TLS-1999-1589-682,"handle, haft",1254,HANDLE
683,TLS-1999-1589-683,"hang in mid-air",,
684,TLS-1999-1589-684,"hang in midair",,
685,TLS-1999-1589-685,"hard",,
686,TLS-1999-1589-686,"hardship, distress",,
687,TLS-1999-1589-687,"hare",,
688,TLS-1999-1589-688,"haste",,
689,TLS-1999-1589-689,"hate",1607,HATE
690,TLS-1999-1589-690,"hate, detest",1607,HATE
691,TLS-1999-1589-691,"have",773,HAVE
692,TLS-1999-1589-692,"have enough to eat or drink, b",,
693,TLS-1999-1589-693,"have sexual intercourse with",,
694,TLS-1999-1589-694,"hay",342,HAY
695,TLS-1999-1589-695,"he",1211,HE
696,TLS-1999-1589-696,"he who begets (=parent)",,
697,TLS-1999-1589-697,"he who begets (parent)",,
698,TLS-1999-1589-698,"he-goat",264,HE-GOAT
699,TLS-1999-1589-699,"head",1256,HEAD
700,TLS-1999-1589-700,"head of arrow, spear head",,
701,TLS-1999-1589-701,"head, chief person",1256,HEAD
702,TLS-1999-1589-702,"head-pad",,
703,TLS-1999-1589-703,"headpad",,
704,TLS-1999-1589-704,"heap",,
705,TLS-1999-1589-705,"heap up, ready, set on fire",790,READY
706,TLS-1999-1589-706,"heap up, ready/set on fire",790,READY
707,TLS-1999-1589-707,"heap, hump",534,HUMP
708,TLS-1999-1589-708,"hear",1408,HEAR
709,TLS-1999-1589-709,"heart",,
710,TLS-1999-1589-710,"hearthstone for putting pots o",,
711,TLS-1999-1589-711,"heavy",1210,HEAVY
712,TLS-1999-1589-712,"heavy, serious, dull",,
713,TLS-1999-1589-713,"heel",980,HEEL
714,TLS-1999-1589-714,"heel (cha mguu)",980,HEEL
715,TLS-1999-1589-715,"heifer",,
716,TLS-1999-1589-716,"held, arrest",,
717,TLS-1999-1589-717,"hem, make a border",,
718,TLS-1999-1589-718,"hen, fowl",265,FOWL
719,TLS-1999-1589-719,"here",136,HERE
720,TLS-1999-1589-720,"hiccup",,
721,TLS-1999-1589-721,"hide",,
722,TLS-1999-1589-722,"highest point, utmost",,
723,TLS-1999-1589-723,"highway",,
724,TLS-1999-1589-724,"hill",,
725,TLS-1999-1589-725,"him, her",,
726,TLS-1999-1589-726,"hip",1745,HIP
727,TLS-1999-1589-727,"hippopotamus",,
728,TLS-1999-1589-728,"hit",1433,HIT
729,TLS-1999-1589-729,"hit with a hammer",,
730,TLS-1999-1589-730,"hit with hammer",,
731,TLS-1999-1589-731,"hoe",284,HOE
732,TLS-1999-1589-732,"hold",1448,HOLD
733,TLS-1999-1589-733,"hold in arm",,
734,TLS-1999-1589-734,"hold, arrest",,
735,TLS-1999-1589-735,"hold/take",2104,HOLD OR TAKE
736,TLS-1999-1589-736,"hole, nest",539,NEST
737,TLS-1999-1589-737,"hollow out",46,HOLLOW OUT
738,TLS-1999-1589-738,"home",2406,HOME
739,TLS-1999-1589-739,"honey",942,HONEY
740,TLS-1999-1589-740,"honor",,
741,TLS-1999-1589-741,"honour",,
742,TLS-1999-1589-742,"hook (to pull down banches in",1071,HOOK
743,TLS-1999-1589-743,"hook (to pull down branches in",1071,HOOK
744,TLS-1999-1589-744,"horn",,
745,TLS-1999-1589-745,"horn (animal)",,
746,TLS-1999-1589-746,"horn, ivory",,
747,TLS-1999-1589-747,"horse",615,HORSE
748,TLS-1999-1589-748,"hot",,
749,TLS-1999-1589-749,"house",,
750,TLS-1999-1589-750,"house/hut",,
751,TLS-1999-1589-751,"how",1239,HOW
752,TLS-1999-1589-752,"how many?",822,HOW MANY
753,TLS-1999-1589-753,"how?",1239,HOW
754,TLS-1999-1589-754,"hump (of cow)",534,HUMP
755,TLS-1999-1589-755,"hump (of hunchback)",534,HUMP
756,TLS-1999-1589-756,"hundred",1634,HUNDRED
757,TLS-1999-1589-757,"hunger",1864,HUNGER
758,TLS-1999-1589-758,"hunt",1435,HUNT
759,TLS-1999-1589-759,"hunting",1435,HUNT
760,TLS-1999-1589-760,"husband",,
761,TLS-1999-1589-761,"hut",1678,HUT
762,TLS-1999-1589-762,"hyena",1799,HYENA
763,TLS-1999-1589-763,"ice",617,ICE
764,TLS-1999-1589-764,"idleness, sloth",2446,SLOTH
765,TLS-1999-1589-765,"if",1459,IF
766,TLS-1999-1589-766,"ill",1847,SICK
767,TLS-1999-1589-767,"imitate",117,IMITATE
768,TLS-1999-1589-768,"in",1460,IN
769,TLS-1999-1589-769,"in front of",,
770,TLS-1999-1589-770,"in the middle of",,
771,TLS-1999-1589-771,"incite",,
772,TLS-1999-1589-772,"increase",1041,INCREASE
773,TLS-1999-1589-773,"increase, make greater",1041,INCREASE
774,TLS-1999-1589-774,"inheritance",,
775,TLS-1999-1589-775,"insect",620,INSECT
776,TLS-1999-1589-776,"inside",,
777,TLS-1999-1589-777,"intestines",1991,INTESTINES
778,TLS-1999-1589-778,"iron",621,IRON
779,TLS-1999-1589-779,"iron ore",,
780,TLS-1999-1589-780,"iron-ore",,
781,TLS-1999-1589-781,"island",622,ISLAND
782,TLS-1999-1589-782,"itch",,
783,TLS-1999-1589-783,"jaw (bone)",798,JAW
784,TLS-1999-1589-784,"jaw/chin",798,JAW
785,TLS-1999-1589-785,"jealousy",,
786,TLS-1999-1589-786,"journey",2393,JOURNEY
787,TLS-1999-1589-787,"judge",1818,ADJUDICATE
788,TLS-1999-1589-788,"jump",1829,JUMP
789,TLS-1999-1589-789,"jump, leap",1829,JUMP
790,TLS-1999-1589-790,"keep livestock",,
791,TLS-1999-1589-791,"kidney",489,KIDNEY
792,TLS-1999-1589-792,"kill",,
793,TLS-1999-1589-793,"kind of antelope",,
794,TLS-1999-1589-794,"kind of bean",,
795,TLS-1999-1589-795,"kind of eagle",,
796,TLS-1999-1589-796,"kind of hawk",,
797,TLS-1999-1589-797,"kind of pigeon",,
798,TLS-1999-1589-798,"kind of poisonous snake",,
799,TLS-1999-1589-799,"kind of rat",,
800,TLS-1999-1589-800,"kind of snail",,
801,TLS-1999-1589-801,"king",1508,KING
802,TLS-1999-1589-802,"kite",307,HAWK
803,TLS-1999-1589-803,"knead",274,KNEAD
804,TLS-1999-1589-804,"knee",1371,KNEE
805,TLS-1999-1589-805,"kneel",66,KNEEL
806,TLS-1999-1589-806,"knife",1352,KNIFE
807,TLS-1999-1589-807,"knot",760,KNOT
808,TLS-1999-1589-808,"know",,
809,TLS-1999-1589-809,"know (as: I know him)",,
810,TLS-1999-1589-810,"lake",624,LAKE
811,TLS-1999-1589-811,"lame person",2322,LAME PERSON
812,TLS-1999-1589-812,"lamp",,
813,TLS-1999-1589-813,"large, great",1202,BIG
814,TLS-1999-1589-814,"laugh",1355,LAUGH
815,TLS-1999-1589-815,"lay over on one side",,
816,TLS-1999-1589-816,"lazy",1564,LAZY
817,TLS-1999-1589-817,"leaf",,
818,TLS-1999-1589-818,"leaf (of tree)",,
819,TLS-1999-1589-819,"leaf (tree)",,
820,TLS-1999-1589-820,"leaf, blade of grass",,
821,TLS-1999-1589-821,"leak, ooze out",,
822,TLS-1999-1589-822,"lean",2219,LEAN (MEAT)
823,TLS-1999-1589-823,"lean on, rely on",,
824,TLS-1999-1589-824,"lean, bend down, slope",2219,LEAN (MEAT)
825,TLS-1999-1589-825,"learn",,
826,TLS-1999-1589-826,"leave",1752,LEAVE
827,TLS-1999-1589-827,"leave (off)",1752,LEAVE
828,TLS-1999-1589-828,"leave over",,
829,TLS-1999-1589-829,"leave(off)",1752,LEAVE
830,TLS-1999-1589-830,"leave, go away",1752,LEAVE
831,TLS-1999-1589-831,"leave, permission",1752,LEAVE
832,TLS-1999-1589-832,"leep livestock",,
833,TLS-1999-1589-833,"left-hand",244,LEFT
834,TLS-1999-1589-834,"leftside",244,LEFT
835,TLS-1999-1589-835,"leg",1297,LEG
836,TLS-1999-1589-836,"leg, foot",,
837,TLS-1999-1589-837,"lend, borrow",1823,BORROW
838,TLS-1999-1589-838,"leopard",1139,LEOPARD
839,TLS-1999-1589-839,"lick",319,LICK
840,TLS-1999-1589-840,"lie down",,
841,TLS-1999-1589-841,"lie on back",,
842,TLS-1999-1589-842,"lie on one's back",,
843,TLS-1999-1589-843,"lift",501,LIFT
844,TLS-1999-1589-844,"lift up, pick up",371,PICK UP
845,TLS-1999-1589-845,"light in weight",,
846,TLS-1999-1589-846,"light, sky",1732,SKY
847,TLS-1999-1589-847,"lightning",1654,LIGHTNING
848,TLS-1999-1589-848,"like",1117,LIKE
849,TLS-1999-1589-849,"like/as",,
850,TLS-1999-1589-850,"lime, whitewash",,
851,TLS-1999-1589-851,"line of objects",,
852,TLS-1999-1589-852,"line, row",,
853,TLS-1999-1589-853,"lion",1386,LION
854,TLS-1999-1589-854,"lip",478,LIP
855,TLS-1999-1589-855,"listen",1608,LISTEN
856,TLS-1999-1589-856,"live",,
857,TLS-1999-1589-857,"liver",1224,LIVER
858,TLS-1999-1589-858,"lizard",632,LIZARD
859,TLS-1999-1589-859,"lobster",2397,LOBSTER
860,TLS-1999-1589-860,"locust",810,LOCUST
861,TLS-1999-1589-861,"long",,
862,TLS-1999-1589-862,"long straight hair (of animals",,
863,TLS-1999-1589-863,"look",1819,LOOK
864,TLS-1999-1589-864,"look after",,
865,TLS-1999-1589-865,"look after a child",253,CARE FOR
866,TLS-1999-1589-866,"look after a child",253,CARE FOR
867,TLS-1999-1589-867,"look after grazing cattle",,
868,TLS-1999-1589-868,"look after grazing cattle,",,
869,TLS-1999-1589-869,"look after grazing cattle, hel",,
870,TLS-1999-1589-870,"look after, care for",253,CARE FOR
871,TLS-1999-1589-871,"look at, examine",1819,LOOK
872,TLS-1999-1589-872,"look for",1468,LOOK FOR
873,TLS-1999-1589-873,"look for, hand around (to get",1468,LOOK FOR
874,TLS-1999-1589-874,"look round",,
875,TLS-1999-1589-875,"lose",1660,LOSE
876,TLS-1999-1589-876,"louse",,
877,TLS-1999-1589-877,"love, want",1784,WANT
878,TLS-1999-1589-878,"lung",688,LUNG
879,TLS-1999-1589-879,"magic",392,MAGIC
880,TLS-1999-1589-880,"maize",506,MAIZE
881,TLS-1999-1589-881,"make",734,MAKE
882,TLS-1999-1589-882,"make offerings to the dead",1103,SACRIFICE
883,TLS-1999-1589-883,"make pottery",,
884,TLS-1999-1589-884,"make straight",,
885,TLS-1999-1589-885,"male",,
886,TLS-1999-1589-886,"male slave",,
887,TLS-1999-1589-887,"man",1554,MAN
888,TLS-1999-1589-888,"man/a male",,
889,TLS-1999-1589-889,"many",,
890,TLS-1999-1589-890,"market",633,MARKET
891,TLS-1999-1589-891,"marriage",2432,MARRIAGE
892,TLS-1999-1589-892,"marry",203,MARRY
893,TLS-1999-1589-893,"marry (of man)",,
894,TLS-1999-1589-894,"master",383,MASTER
895,TLS-1999-1589-895,"mat",195,MAT
896,TLS-1999-1589-896,"match, harmonise",1133,MATCH
897,TLS-1999-1589-897,"mature",,
898,TLS-1999-1589-898,"meat",2615,FLESH OR MEAT
899,TLS-1999-1589-899,"meat/flesh",2615,FLESH OR MEAT
900,TLS-1999-1589-900,"medecine",1372,MEDICINE
901,TLS-1999-1589-901,"medicine",1372,MEDICINE
902,TLS-1999-1589-902,"medicine (=art of medicine man",1372,MEDICINE
903,TLS-1999-1589-903,"medicine (art of medicine man)",1372,MEDICINE
904,TLS-1999-1589-904,"medicine man",394,SHAMAN (FOLK HEALER)
905,TLS-1999-1589-905,"medicine, remedy",,
906,TLS-1999-1589-906,"meet",1831,MEET
907,TLS-1999-1589-907,"meet someone",1831,MEET
908,TLS-1999-1589-908,"melt",2334,MELT
909,TLS-1999-1589-909,"metal pot",,
910,TLS-1999-1589-910,"midwife",,
911,TLS-1999-1589-911,"milk",,
912,TLS-1999-1589-912,"milk (kwa kunywa)",,
913,TLS-1999-1589-913,"millipede",,
914,TLS-1999-1589-914,"mix",2017,MIX
915,TLS-1999-1589-915,"mix (ingredients)",2017,MIX
916,TLS-1999-1589-916,"mix (ingredients, e.g. unga ch",2017,MIX
917,TLS-1999-1589-917,"mix, put together",2017,MIX
918,TLS-1999-1589-918,"monkey",1350,MONKEY
919,TLS-1999-1589-919,"monkey (small, dark-coloured)",1350,MONKEY
920,TLS-1999-1589-920,"moon",,
921,TLS-1999-1589-921,"moonlight",,
922,TLS-1999-1589-922,"morning",1339,MORNING
923,TLS-1999-1589-923,"mosquito",1509,MOSQUITO
924,TLS-1999-1589-924,"mother",1216,MOTHER
925,TLS-1999-1589-925,"mould (pottery)",289,MOLD
926,TLS-1999-1589-926,"mould pottery",1166,MOULD
927,TLS-1999-1589-927,"mountain",,
928,TLS-1999-1589-928,"mourning",,
929,TLS-1999-1589-929,"mouse",,
930,TLS-1999-1589-930,"mouth",674,MOUTH
931,TLS-1999-1589-931,"move away, migrate",229,MOVE AWAY
932,TLS-1999-1589-932,"movement",,
933,TLS-1999-1589-933,"mud, mire",640,MUD
934,TLS-1999-1589-934,"mushroom",641,MUSHROOM
935,TLS-1999-1589-935,"my father",,
936,TLS-1999-1589-936,"my mother",,
937,TLS-1999-1589-937,"name",1405,NAME
938,TLS-1999-1589-938,"namely",,
939,TLS-1999-1589-939,"nape (of neck)",1347,NAPE (OF NECK)
940,TLS-1999-1589-940,"nape of neck",1347,NAPE (OF NECK)
941,TLS-1999-1589-941,"narrow",1267,NARROW
942,TLS-1999-1589-942,"navel",1838,NAVEL
943,TLS-1999-1589-943,"near",1942,NEAR
944,TLS-1999-1589-944,"neck",1333,NECK
945,TLS-1999-1589-945,"need, request",,
946,TLS-1999-1589-946,"new",1231,NEW
947,TLS-1999-1589-947,"next",1354,NEXT
948,TLS-1999-1589-948,"next year",515,NEXT YEAR
949,TLS-1999-1589-949,"night",1233,NIGHT
950,TLS-1999-1589-950,"nine",1483,NINE
951,TLS-1999-1589-951,"nine (=tisa)",,
952,TLS-1999-1589-952,"nose",1221,NOSE
953,TLS-1999-1589-953,"not",1240,NOT
954,TLS-1999-1589-954,"not (as: I am not going)",1240,NOT
955,TLS-1999-1589-955,"now",1376,NOW
956,TLS-1999-1589-956,"number",1356,NUMBER
957,TLS-1999-1589-957,"oar",108,RUDDER
958,TLS-1999-1589-958,"obstruct",,
959,TLS-1999-1589-959,"offer",,
960,TLS-1999-1589-960,"offspring",1801,CHILD (DESCENDANT)
961,TLS-1999-1589-961,"oil",,
962,TLS-1999-1589-962,"oil (from plants)",,
963,TLS-1999-1589-963,"oil palm",,
964,TLS-1999-1589-964,"old",,
965,TLS-1999-1589-965,"old age",1789,AGE
966,TLS-1999-1589-966,"old people (male)",,
967,TLS-1999-1589-967,"old person",725,OLD PERSON
968,TLS-1999-1589-968,"old times",,
969,TLS-1999-1589-969,"older brother",1759,OLDER BROTHER
970,TLS-1999-1589-970,"older brother or sister",,
971,TLS-1999-1589-971,"on",2379,UP OR ABOVE
972,TLS-1999-1589-972,"one",,
973,TLS-1999-1589-973,"one (=moja)",,
974,TLS-1999-1589-974,"open",1156,OPEN
975,TLS-1999-1589-975,"open (=set ajar) a door",,
976,TLS-1999-1589-976,"open (set ajar) a door",,
977,TLS-1999-1589-977,"open space",,
978,TLS-1999-1589-978,"open the mouth",,
979,TLS-1999-1589-979,"open the mouth wide",,
980,TLS-1999-1589-980,"order, direct",1128,ORDER
981,TLS-1999-1589-981,"ostrich",,
982,TLS-1999-1589-982,"other",197,OTHER
983,TLS-1999-1589-983,"our(s)",780,OUR
984,TLS-1999-1589-984,"our(s) Pl. 1st person)",780,OUR
985,TLS-1999-1589-985,"outside",762,OUTSIDE
986,TLS-1999-1589-986,"overcome, win, vanquish",,
987,TLS-1999-1589-987,"overcome; win, vanquish",,
988,TLS-1999-1589-988,"owner",1036,OWNER
989,TLS-1999-1589-989,"oyster",,
990,TLS-1999-1589-990,"pack",,
991,TLS-1999-1589-991,"pack (mizigo)",,
992,TLS-1999-1589-992,"pack carefully",,
993,TLS-1999-1589-993,"pack, bale, bundle",,
994,TLS-1999-1589-994,"pack, flock, group",,
995,TLS-1999-1589-995,"pack, press together",,
996,TLS-1999-1589-996,"paddle",234,PADDLE
997,TLS-1999-1589-997,"palate",540,PALATE
998,TLS-1999-1589-998,"palm (of hand)",1183,PALM OF HAND
999,TLS-1999-1589-999,"palm of hand",1183,PALM OF HAND
1000,TLS-1999-1589-1000,"palm tree",1181,PALM TREE
1001,TLS-1999-1589-1001,"palm-tree",1181,PALM TREE
1002,TLS-1999-1589-1002,"palm-wine",,
1003,TLS-1999-1589-1003,"palpitate",,
1004,TLS-1999-1589-1004,"parrot",882,PARROT
1005,TLS-1999-1589-1005,"pass",,
1006,TLS-1999-1589-1006,"pass in running",,
1007,TLS-1999-1589-1007,"pass the night",,
1008,TLS-1999-1589-1008,"pass, surpass",402,SURPASS
1009,TLS-1999-1589-1009,"path",,
1010,TLS-1999-1589-1010,"pay",718,PAY
1011,TLS-1999-1589-1011,"pay attention, take care",,
1012,TLS-1999-1589-1012,"peel, shell",,
1013,TLS-1999-1589-1013,"peg",361,PEG
1014,TLS-1999-1589-1014,"penetrate",,
1015,TLS-1999-1589-1015,"penis",1222,PENIS
1016,TLS-1999-1589-1016,"penknife",,
1017,TLS-1999-1589-1017,"person",,
1018,TLS-1999-1589-1018,"person related by blood",,
1019,TLS-1999-1589-1019,"pestle",225,PESTLE
1020,TLS-1999-1589-1020,"pierce",398,PIERCE
1021,TLS-1999-1589-1021,"pierce/make hole in",398,PIERCE
1022,TLS-1999-1589-1022,"pig",1337,PIG
1023,TLS-1999-1589-1023,"pigeon",1853,DOVE
1024,TLS-1999-1589-1024,"pile up, pile loads on head",1576,PILE UP
1025,TLS-1999-1589-1025,"pinch, make narrow",378,PINCH
1026,TLS-1999-1589-1026,"pit",1667,HOLE
1027,TLS-1999-1589-1027,"pit, hole",1667,HOLE
1028,TLS-1999-1589-1028,"place",723,PLACE (POSITION)
1029,TLS-1999-1589-1029,"place of the dead",,
1030,TLS-1999-1589-1030,"place, put",998,PUT
1031,TLS-1999-1589-1031,"plait",1729,PLAIT OR BRAID OR WEAVE
1032,TLS-1999-1589-1032,"plaited basket",,
1033,TLS-1999-1589-1033,"plant, sow",748,SOW SEEDS
1034,TLS-1999-1589-1034,"plate",480,PLATE
1035,TLS-1999-1589-1035,"platform",,
1036,TLS-1999-1589-1036,"play",1413,PLAY
1037,TLS-1999-1589-1037,"please, satisfy",1271,DELIGHT
1038,TLS-1999-1589-1038,"plot of ground",,
1039,TLS-1999-1589-1039,"plunder (a town)",,
1040,TLS-1999-1589-1040,"plunge into, cause to sink",,
1041,TLS-1999-1589-1041,"point",2669,POINT (WITH FINGER)
1042,TLS-1999-1589-1042,"poke",,
1043,TLS-1999-1589-1043,"poke in",,
1044,TLS-1999-1589-1044,"polish",,
1045,TLS-1999-1589-1045,"polygamy",,
1046,TLS-1999-1589-1046,"pool",,
1047,TLS-1999-1589-1047,"pool (of water)",,
1048,TLS-1999-1589-1048,"porcupine",2510,PORCUPINE
1049,TLS-1999-1589-1049,"porridge",,
1050,TLS-1999-1589-1050,"pot",1462,POT
1051,TLS-1999-1589-1051,"pot, mug",1462,POT
1052,TLS-1999-1589-1052,"pot, vessel",1462,POT
1053,TLS-1999-1589-1053,"potter's kiln",,
1054,TLS-1999-1589-1054,"pound",,
1055,TLS-1999-1589-1055,"pound (grain in a mortar to ge",354,POUND
1056,TLS-1999-1589-1056,"pound; grind",354,POUND
1057,TLS-1999-1589-1057,"pour",1487,POUR
1058,TLS-1999-1589-1058,"pour away",1487,POUR
1059,TLS-1999-1589-1059,"pregnancy",,
1060,TLS-1999-1589-1060,"prepare",,
1061,TLS-1999-1589-1061,"press out (oil seed, sugar can",,
1062,TLS-1999-1589-1062,"pronounce",,
1063,TLS-1999-1589-1063,"protect by charm",,
1064,TLS-1999-1589-1064,"protect by charms",,
1065,TLS-1999-1589-1065,"puff-adder",,
1066,TLS-1999-1589-1066,"pull",1455,PULL
1067,TLS-1999-1589-1067,"pull up",2066,PULL UP (RICE SEEDLINGS)
1068,TLS-1999-1589-1068,"pull up, come to a halt",2066,PULL UP (RICE SEEDLINGS)
1069,TLS-1999-1589-1069,"pull up, root up",2066,PULL UP (RICE SEEDLINGS)
1070,TLS-1999-1589-1070,"pull, drag",2030,DRAG
1071,TLS-1999-1589-1071,"pump",,
1072,TLS-1999-1589-1072,"push",1452,PUSH
1073,TLS-1999-1589-1073,"put",998,PUT
1074,TLS-1999-1589-1074,"put a pot on the fire",,
1075,TLS-1999-1589-1075,"put down a load",,
1076,TLS-1999-1589-1076,"put down a load on another",,
1077,TLS-1999-1589-1077,"put forth, produce, display",,
1078,TLS-1999-1589-1078,"put out, be prominent",127,EXTINGUISH
1079,TLS-1999-1589-1079,"put to death",,
1080,TLS-1999-1589-1080,"put together for comparison",,
1081,TLS-1999-1589-1081,"put together, compose",,
1082,TLS-1999-1589-1082,"put up a load on another",,
1083,TLS-1999-1589-1083,"put, place, set",160,SET (HEAVENLY BODIES)
1084,TLS-1999-1589-1084,"python",1563,PYTHON
1085,TLS-1999-1589-1085,"quarrel",1848,QUARREL
1086,TLS-1999-1589-1086,"quench, extinguish",127,EXTINGUISH
1087,TLS-1999-1589-1087,"rain",,
1088,TLS-1999-1589-1088,"rainy season",453,RAINY SEASON
1089,TLS-1999-1589-1089,"ramble",,
1090,TLS-1999-1589-1090,"raphia palm",1181,PALM TREE
1091,TLS-1999-1589-1091,"rat",,
1092,TLS-1999-1589-1092,"razor",151,RAZOR
1093,TLS-1999-1589-1093,"read",724,READ
1094,TLS-1999-1589-1094,"reap",,
1095,TLS-1999-1589-1095,"receive",694,GET
1096,TLS-1999-1589-1096,"red",156,RED
1097,TLS-1999-1589-1097,"reed",659,REED
1098,TLS-1999-1589-1098,"refuse to give",,
1099,TLS-1999-1589-1099,"refuse, say no",49,REFUSE
1100,TLS-1999-1589-1100,"reject, refuse",49,REFUSE
1101,TLS-1999-1589-1101,"relative by marriage",,
1102,TLS-1999-1589-1102,"remain",987,REMAIN
1103,TLS-1999-1589-1103,"remain, stay",987,REMAIN
1104,TLS-1999-1589-1104,"remain, stay behind",,
1105,TLS-1999-1589-1105,"remain/stay",987,REMAIN
1106,TLS-1999-1589-1106,"remember",707,REMEMBER
1107,TLS-1999-1589-1107,"resemble",1777,RESEMBLE
1108,TLS-1999-1589-1108,"resemble (very closely)",1777,RESEMBLE
1109,TLS-1999-1589-1109,"resemble each other",1777,RESEMBLE
1110,TLS-1999-1589-1110,"rest heavily on, be burdensome",,
1111,TLS-1999-1589-1111,"rest the cheek on the hand (in",,
1112,TLS-1999-1589-1112,"rest, take a holiday",,
1113,TLS-1999-1589-1113,"return",581,COME BACK
1114,TLS-1999-1589-1114,"revive",,
1115,TLS-1999-1589-1115,"rhinoceros",2591,RHINOCEROS
1116,TLS-1999-1589-1116,"rhinocerous",2591,RHINOCEROS
1117,TLS-1999-1589-1117,"rib",801,RIB
1118,TLS-1999-1589-1118,"rich",712,RICH
1119,TLS-1999-1589-1119,"right/correct",1725,CORRECT (RIGHT)
1120,TLS-1999-1589-1120,"righthand",,
1121,TLS-1999-1589-1121,"rightside",1019,RIGHT
1122,TLS-1999-1589-1122,"ripe",178,RIPE
1123,TLS-1999-1589-1123,"ripe banana",,
1124,TLS-1999-1589-1124,"ripen",179,RIPEN
1125,TLS-1999-1589-1125,"rippen",,
1126,TLS-1999-1589-1126,"river",666,RIVER
1127,TLS-1999-1589-1127,"road",667,ROAD
1128,TLS-1999-1589-1128,"roar",,
1129,TLS-1999-1589-1129,"roar, rumble",,
1130,TLS-1999-1589-1130,"roast",,
1131,TLS-1999-1589-1131,"roast (kwa moto)",,
1132,TLS-1999-1589-1132,"roast; burn",,
1133,TLS-1999-1589-1133,"rock",,
1134,TLS-1999-1589-1134,"rooster (=cock)",1511,ROOSTER
1135,TLS-1999-1589-1135,"rooster (cock)",1511,ROOSTER
1136,TLS-1999-1589-1136,"root",670,ROOT
1137,TLS-1999-1589-1137,"rope",1218,ROPE
1138,TLS-1999-1589-1138,"rotten",1728,ROTTEN
1139,TLS-1999-1589-1139,"row",1849,ROW
1140,TLS-1999-1589-1140,"rub",1449,RUB
1141,TLS-1999-1589-1141,"rubbish heap",,
1142,TLS-1999-1589-1142,"rubbish, garbage",909,GARBAGE
1143,TLS-1999-1589-1143,"rubbish-heap",,
1144,TLS-1999-1589-1144,"run",,
1145,TLS-1999-1589-1145,"sacrifice",1103,SACRIFICE
1146,TLS-1999-1589-1146,"saliva",1503,SALIVA
1147,TLS-1999-1589-1147,"salt",1274,SALT
1148,TLS-1999-1589-1148,"salt (=munyu)",1274,SALT
1149,TLS-1999-1589-1149,"sand",671,SAND
1150,TLS-1999-1589-1150,"satisfy",,
1151,TLS-1999-1589-1151,"say",1458,SAY
1152,TLS-1999-1589-1152,"say to, tell to",1458,SAY
1153,TLS-1999-1589-1153,"scatter",2064,SCATTER (SEEDS)
1154,TLS-1999-1589-1154,"scorpion",1538,SCORPION
1155,TLS-1999-1589-1155,"scrape",,
1156,TLS-1999-1589-1156,"scrape, grace",,
1157,TLS-1999-1589-1157,"scrape, graze",,
1158,TLS-1999-1589-1158,"scratch",1436,SCRATCH
1159,TLS-1999-1589-1159,"scratch, grate",1436,SCRATCH
1160,TLS-1999-1589-1160,"scythe, sickle",,
1161,TLS-1999-1589-1161,"sea",1474,SEA
1162,TLS-1999-1589-1162,"search diligently",,
1163,TLS-1999-1589-1163,"search for",1468,LOOK FOR
1164,TLS-1999-1589-1164,"seat, stool, chair",1476,CHAIR
1165,TLS-1999-1589-1165,"seat/chair",1476,CHAIR
1166,TLS-1999-1589-1166,"see",1409,SEE
1167,TLS-1999-1589-1167,"seed",714,SEED
1168,TLS-1999-1589-1168,"seize",,
1169,TLS-1999-1589-1169,"self",1993,SELF
1170,TLS-1999-1589-1170,"sell",1571,SELL
1171,TLS-1999-1589-1171,"send",1127,SEND
1172,TLS-1999-1589-1172,"separate",1359,SEPARATE
1173,TLS-1999-1589-1173,"separate, leave each other",1359,SEPARATE
1174,TLS-1999-1589-1174,"separate, set apart",1359,SEPARATE
1175,TLS-1999-1589-1175,"serpent, snake",730,SNAKE
1176,TLS-1999-1589-1176,"set (of the sun)",160,SET (HEAVENLY BODIES)
1177,TLS-1999-1589-1177,"set a trap",,
1178,TLS-1999-1589-1178,"set out to dry",2015,MAKE DRY
1179,TLS-1999-1589-1179,"set trap",,
1180,TLS-1999-1589-1180,"set up, appoint",,
1181,TLS-1999-1589-1181,"seven",1704,SEVEN
1182,TLS-1999-1589-1182,"sew",1457,SEW
1183,TLS-1999-1589-1183,"sguat (on the haunches)",,
1184,TLS-1999-1589-1184,"shadow, shade",1388,SHADE
1185,TLS-1999-1589-1185,"shake",1909,SHAKE
1186,TLS-1999-1589-1186,"shamba/cultivated area",,
1187,TLS-1999-1589-1187,"shame",1776,SHAME
1188,TLS-1999-1589-1188,"shame, disgrace",1776,SHAME
1189,TLS-1999-1589-1189,"shame, modesty",,
1190,TLS-1999-1589-1190,"share",884,SHARE
1191,TLS-1999-1589-1191,"sharp",1396,SHARP
1192,TLS-1999-1589-1192,"sharpen",251,SHARPEN (SOMETHING)
1193,TLS-1999-1589-1193,"sharpen (to a point)",251,SHARPEN (SOMETHING)
1194,TLS-1999-1589-1194,"sharpen to a point",251,SHARPEN (SOMETHING)
1195,TLS-1999-1589-1195,"shave",231,SHAVE
1196,TLS-1999-1589-1196,"she, he",,
1197,TLS-1999-1589-1197,"sheep",1331,SHEEP
1198,TLS-1999-1589-1198,"shell",598,SHELL
1199,TLS-1999-1589-1199,"shield",1064,SHIELD
1200,TLS-1999-1589-1200,"shin (bone)",186,SHIN
1201,TLS-1999-1589-1201,"shiver",52,SHIVER
1202,TLS-1999-1589-1202,"shiver, shudder",52,SHIVER
1203,TLS-1999-1589-1203,"shoe",1381,SHOE
1204,TLS-1999-1589-1204,"shoot",1172,SHOOT
1205,TLS-1999-1589-1205,"shoot (arrow)",1172,SHOOT
1206,TLS-1999-1589-1206,"short",,
1207,TLS-1999-1589-1207,"short sword",,
1208,TLS-1999-1589-1208,"shoulder",1482,SHOULDER
1209,TLS-1999-1589-1209,"shout",715,SHOUT
1210,TLS-1999-1589-1210,"sick",,
1211,TLS-1999-1589-1211,"sift",,
1212,TLS-1999-1589-1212,"sing",1261,SING
1213,TLS-1999-1589-1213,"singe",,
1214,TLS-1999-1589-1214,"sink",1088,SINK (DESCEND)
1215,TLS-1999-1589-1215,"sink, be drowned",,
1216,TLS-1999-1589-1216,"sister",1263,SISTER
1217,TLS-1999-1589-1217,"sit",1416,SIT
1218,TLS-1999-1589-1218,"sit (e.g. kukaa kitako)",1416,SIT
1219,TLS-1999-1589-1219,"sit down",1649,SIT DOWN
1220,TLS-1999-1589-1220,"six",1703,SIX
1221,TLS-1999-1589-1221,"size, measure",,
1222,TLS-1999-1589-1222,"skin",,
1223,TLS-1999-1589-1223,"skin (fruit or animal)",,
1224,TLS-1999-1589-1224,"skin (ya matunda)",,
1225,TLS-1999-1589-1225,"skin (ya mtu)",,
1226,TLS-1999-1589-1226,"sky",1732,SKY
1227,TLS-1999-1589-1227,"slander",,
1228,TLS-1999-1589-1228,"slap",,
1229,TLS-1999-1589-1229,"slash",,
1230,TLS-1999-1589-1230,"slaughter",1796,SLAUGHTER
1231,TLS-1999-1589-1231,"slave, bond servant",812,SLAVE
1232,TLS-1999-1589-1232,"slave, bondservant",812,SLAVE
1233,TLS-1999-1589-1233,"sleep",1585,SLEEP
1234,TLS-1999-1589-1234,"sleeping-place, accommodation",,
1235,TLS-1999-1589-1235,"slip, be slippery",1324,SLIP
1236,TLS-1999-1589-1236,"small",,
1237,TLS-1999-1589-1237,"small bean",,
1238,TLS-1999-1589-1238,"small cooking pan",,
1239,TLS-1999-1589-1239,"small cucumber",,
1240,TLS-1999-1589-1240,"small gazelle",,
1241,TLS-1999-1589-1241,"smallpox",1054,SMALLPOX
1242,TLS-1999-1589-1242,"smell",,
1243,TLS-1999-1589-1243,"smell (bad)",,
1244,TLS-1999-1589-1244,"smell (sweet)",,
1245,TLS-1999-1589-1245,"smell out, sniff",,
1246,TLS-1999-1589-1246,"smoke",778,SMOKE (EXHAUST)
1247,TLS-1999-1589-1247,"smooth",1234,SMOOTH
1248,TLS-1999-1589-1248,"snail",1543,SNAIL
1249,TLS-1999-1589-1249,"snail, slug",1543,SNAIL
1250,TLS-1999-1589-1250,"snake",730,SNAKE
1251,TLS-1999-1589-1251,"snare, trap",1075,TRAP (PITFALL)
1252,TLS-1999-1589-1252,"sneeze",1621,SNEEZE
1253,TLS-1999-1589-1253,"snore",1983,SNORE
1254,TLS-1999-1589-1254,"snore, snort",1983,SNORE
1255,TLS-1999-1589-1255,"snow",784,SNOW
1256,TLS-1999-1589-1256,"soil",1228,EARTH (SOIL)
1257,TLS-1999-1589-1257,"some",1241,SOME
1258,TLS-1999-1589-1258,"song",1096,SONG
1259,TLS-1999-1589-1259,"soot",830,SOOT
1260,TLS-1999-1589-1260,"sorcerer",,
1261,TLS-1999-1589-1261,"sorceror",,
1262,TLS-1999-1589-1262,"sore",,
1263,TLS-1999-1589-1263,"soul, spirit",53,SPIRIT
1264,TLS-1999-1589-1264,"soul/spirit",811,SOUL
1265,TLS-1999-1589-1265,"sound, cry",,
1266,TLS-1999-1589-1266,"sour (of food or drink)",,
1267,TLS-1999-1589-1267,"spark",518,SPARK
1268,TLS-1999-1589-1268,"speak",,
1269,TLS-1999-1589-1269,"speak/talk",,
1270,TLS-1999-1589-1270,"spear",945,SPEAR
1271,TLS-1999-1589-1271,"spend time",,
1272,TLS-1999-1589-1272,"sperm",1505,SPERM
1273,TLS-1999-1589-1273,"spider",843,SPIDER
1274,TLS-1999-1589-1274,"spirit",53,SPIRIT
1275,TLS-1999-1589-1275,"spirit (of dead person)",53,SPIRIT
1276,TLS-1999-1589-1276,"spit",1440,SPIT
1277,TLS-1999-1589-1277,"spitting cobra",,
1278,TLS-1999-1589-1278,"spittle",1503,SALIVA
1279,TLS-1999-1589-1279,"split",1437,SPLIT
1280,TLS-1999-1589-1280,"split (act)",1437,SPLIT
1281,TLS-1999-1589-1281,"split, crack",1437,SPLIT
1282,TLS-1999-1589-1282,"spoil",,
1283,TLS-1999-1589-1283,"spoil (a child)",,
1284,TLS-1999-1589-1284,"spoil, blind",1653,BLIND
1285,TLS-1999-1589-1285,"spoon",1378,SPOON
1286,TLS-1999-1589-1286,"spot",519,SPOT
1287,TLS-1999-1589-1287,"spot, speckle",519,SPOT
1288,TLS-1999-1589-1288,"sprain the angkle",,
1289,TLS-1999-1589-1289,"sprain the ankle",,
1290,TLS-1999-1589-1290,"sprawl",,
1291,TLS-1999-1589-1291,"spread",38,SPREAD OUT
1292,TLS-1999-1589-1292,"spread (act)",38,SPREAD OUT
1293,TLS-1999-1589-1293,"spread (as vine or fire)",,
1294,TLS-1999-1589-1294,"spread as a vine or a fire",221,FIRE
1295,TLS-1999-1589-1295,"spread to dry",,
1296,TLS-1999-1589-1296,"spread, scatter",2064,SCATTER (SEEDS)
1297,TLS-1999-1589-1297,"spread, smear on",38,SPREAD OUT
1298,TLS-1999-1589-1298,"spring (of water)",,
1299,TLS-1999-1589-1299,"spring, machine",144,MACHINE
1300,TLS-1999-1589-1300,"spy out",,
1301,TLS-1999-1589-1301,"squat (on the haunches)",,
1302,TLS-1999-1589-1302,"squeeze",1414,SQUEEZE
1303,TLS-1999-1589-1303,"squeeze oneself",,
1304,TLS-1999-1589-1304,"squeeze oneself up against wal",,
1305,TLS-1999-1589-1305,"squeeze onself up against a wa",,
1306,TLS-1999-1589-1306,"squeeze out",,
1307,TLS-1999-1589-1307,"squeeze, milk",93,DRAW MILK
1308,TLS-1999-1589-1308,"squirrel",1628,SQUIRREL
1309,TLS-1999-1589-1309,"stab",1434,STAB
1310,TLS-1999-1589-1310,"stack, pile up",1576,PILE UP
1311,TLS-1999-1589-1311,"stand",1442,STAND
1312,TLS-1999-1589-1312,"star",1430,STAR
1313,TLS-1999-1589-1313,"stare, glare",,
1314,TLS-1999-1589-1314,"start off, send away",,
1315,TLS-1999-1589-1315,"startle, jerk",,
1316,TLS-1999-1589-1316,"steal",713,STEAL
1317,TLS-1999-1589-1317,"steel",2343,STEEL
1318,TLS-1999-1589-1318,"stem of maize, millet",931,MILLET
1319,TLS-1999-1589-1319,"stem of maize, millet, etc.",931,MILLET
1320,TLS-1999-1589-1320,"step over",,
1321,TLS-1999-1589-1321,"sterile man (or woman)",,
1322,TLS-1999-1589-1322,"stick",1295,STICK
1323,TLS-1999-1589-1323,"stir",,
1324,TLS-1999-1589-1324,"stir (up)",,
1325,TLS-1999-1589-1325,"stir up",,
1326,TLS-1999-1589-1326,"stir up, stir up",,
1327,TLS-1999-1589-1327,"stir, mix by stirring",,
1328,TLS-1999-1589-1328,"stomach",819,STOMACH
1329,TLS-1999-1589-1329,"stone",,
1330,TLS-1999-1589-1330,"stop up",,
1331,TLS-1999-1589-1331,"stop up, fill a hole",,
1332,TLS-1999-1589-1332,"store up",7,GATHER
1333,TLS-1999-1589-1333,"store up, collect",7,GATHER
1334,TLS-1999-1589-1334,"straight",1404,STRAIGHT
1335,TLS-1999-1589-1335,"straighten",,
1336,TLS-1999-1589-1336,"stranger",791,STRANGER
1337,TLS-1999-1589-1337,"stranger, guest",1782,GUEST
1338,TLS-1999-1589-1338,"stream",947,STREAM
1339,TLS-1999-1589-1339,"stream, current",947,STREAM
1340,TLS-1999-1589-1340,"strength, power",2526,POWER
1341,TLS-1999-1589-1341,"stretch oneself",214,STRETCH
1342,TLS-1999-1589-1342,"strike with a spear",,
1343,TLS-1999-1589-1343,"strike with a spear (=fumo)",,
1344,TLS-1999-1589-1344,"strike, knock",2396,KNOCK
1345,TLS-1999-1589-1345,"string",362,STRING
1346,TLS-1999-1589-1346,"strip off (e.g. grains of corn",,
1347,TLS-1999-1589-1347,"strip off (leaves, etc.)",,
1348,TLS-1999-1589-1348,"strong",785,STRONG
1349,TLS-1999-1589-1349,"strut proudly",,
1350,TLS-1999-1589-1350,"stubbly grass",,
1351,TLS-1999-1589-1351,"stumble",,
1352,TLS-1999-1589-1352,"stutter",1866,STUTTER
1353,TLS-1999-1589-1353,"suck",,
1354,TLS-1999-1589-1354,"suck (the breast)",,
1355,TLS-1999-1589-1355,"sudden apparition, ghost",1175,GHOST
1356,TLS-1999-1589-1356,"suffer, bear patiently",,
1357,TLS-1999-1589-1357,"sugar cane",146,SUGAR CANE
1358,TLS-1999-1589-1358,"sun",,
1359,TLS-1999-1589-1359,"surround",,
1360,TLS-1999-1589-1360,"swallow",897,SWALLOW
1361,TLS-1999-1589-1361,"swear",,
1362,TLS-1999-1589-1362,"sweat",125,SWEAT (SUBSTANCE)
1363,TLS-1999-1589-1363,"sweep",230,SWEEP
1364,TLS-1999-1589-1364,"sweep (out)",230,SWEEP
1365,TLS-1999-1589-1365,"sweep up, collect in a heap (r",,
1366,TLS-1999-1589-1366,"sweet (of food)",717,SWEET
1367,TLS-1999-1589-1367,"sweet, pleasant",717,SWEET
1368,TLS-1999-1589-1368,"swell",1573,SWELL
1369,TLS-1999-1589-1369,"swim",1439,SWIM
1370,TLS-1999-1589-1370,"sword",1535,SWORD
1371,TLS-1999-1589-1371,"tail",1220,TAIL
1372,TLS-1999-1589-1372,"take",1749,TAKE
1373,TLS-1999-1589-1373,"take a walk",,
1374,TLS-1999-1589-1374,"take in (from rain)",,
1375,TLS-1999-1589-1375,"take in (from rain, etc.)",,
1376,TLS-1999-1589-1376,"take leace of",,
1377,TLS-1999-1589-1377,"take leave of",,
1378,TLS-1999-1589-1378,"take off (clothes)",1755,UNDRESS
1379,TLS-1999-1589-1379,"take off clothes",1755,UNDRESS
1380,TLS-1999-1589-1380,"take the skin off, bruise",1148,BRUISE
1381,TLS-1999-1589-1381,"take up a heavy load",,
1382,TLS-1999-1589-1382,"take, carry",700,CARRY
1383,TLS-1999-1589-1383,"take, receive",,
1384,TLS-1999-1589-1384,"tall",711,TALL
1385,TLS-1999-1589-1385,"tangle",,
1386,TLS-1999-1589-1386,"taste",21,TASTE (SOMETHING)
1387,TLS-1999-1589-1387,"teach, instruct",709,TEACH
1388,TLS-1999-1589-1388,"tear",,
1389,TLS-1999-1589-1389,"tear from eye",,
1390,TLS-1999-1589-1390,"tears",1651,TEAR (OF EYE)
1391,TLS-1999-1589-1391,"tell lies",601,LIE (MISLEAD)
1392,TLS-1999-1589-1392,"ten",1515,TEN
1393,TLS-1999-1589-1393,"tent pegs",,
1394,TLS-1999-1589-1394,"termite",883,TERMITE
1395,TLS-1999-1589-1395,"testicle",797,TESTICLES
1396,TLS-1999-1589-1396,"that",78,THAT
1397,TLS-1999-1589-1397,"that (person)",78,THAT
1398,TLS-1999-1589-1398,"that, namely",78,THAT
1399,TLS-1999-1589-1399,"thatched roof",,
1400,TLS-1999-1589-1400,"the day after tomorrow",1179,DAY AFTER TOMORROW
1401,TLS-1999-1589-1401,"the day before yesterday",1180,DAY BEFORE YESTERDAY
1402,TLS-1999-1589-1402,"the lesser rains",,
1403,TLS-1999-1589-1403,"them",817,THEY
1404,TLS-1999-1589-1404,"there",1937,THERE
1405,TLS-1999-1589-1405,"they",817,THEY
1406,TLS-1999-1589-1406,"thick",1244,THICK
1407,TLS-1999-1589-1407,"thick, fat",1244,THICK
1408,TLS-1999-1589-1408,"thicket",,
1409,TLS-1999-1589-1409,"thief",1160,THIEF
1410,TLS-1999-1589-1410,"thigh",800,THIGH
1411,TLS-1999-1589-1411,"thigh (cha mtu)",800,THIGH
1412,TLS-1999-1589-1412,"thigh (cha nyama)",800,THIGH
1413,TLS-1999-1589-1413,"thin",,
1414,TLS-1999-1589-1414,"thin pole",,
1415,TLS-1999-1589-1415,"thin, curved, broad-bladed kni",,
1416,TLS-1999-1589-1416,"thing",738,THING
1417,TLS-1999-1589-1417,"think",,
1418,TLS-1999-1589-1418,"think, imagine",,
1419,TLS-1999-1589-1419,"thirst",848,THIRST
1420,TLS-1999-1589-1420,"thirty",1715,THIRTY
1421,TLS-1999-1589-1421,"this",1214,THIS
1422,TLS-1999-1589-1422,"thorn",124,THORN
1423,TLS-1999-1589-1423,"thread/string",,
1424,TLS-1999-1589-1424,"threaten",1192,THREATEN
1425,TLS-1999-1589-1425,"three",492,THREE
1426,TLS-1999-1589-1426,"throat",1346,THROAT
1427,TLS-1999-1589-1427,"throw",1456,THROW
1428,TLS-1999-1589-1428,"thrust into",,
1429,TLS-1999-1589-1429,"thunder",1150,THUNDER
1430,TLS-1999-1589-1430,"tick",1527,TICK
1431,TLS-1999-1589-1431,"tie",1917,TIE
1432,TLS-1999-1589-1432,"tie (=fasten)",1917,TIE
1433,TLS-1999-1589-1433,"tie (fasten)",1917,TIE
1434,TLS-1999-1589-1434,"tie up",1094,FASTEN
1435,TLS-1999-1589-1435,"tie/fasten",1094,FASTEN
1436,TLS-1999-1589-1436,"tingle with excitement",,
1437,TLS-1999-1589-1437,"tip, point",2669,POINT (WITH FINGER)
1438,TLS-1999-1589-1438,"to",,
1439,TLS-1999-1589-1439,"to break wind",1159,FART
1440,TLS-1999-1589-1440,"to die",,
1441,TLS-1999-1589-1441,"to fly",1441,FLY (MOVE THROUGH AIR)
1442,TLS-1999-1589-1442,"to remain, stay",987,REMAIN
1443,TLS-1999-1589-1443,"to sew",1457,SEW
1444,TLS-1999-1589-1444,"to stand",1442,STAND
1445,TLS-1999-1589-1445,"to tie (fasten)",1917,TIE
1446,TLS-1999-1589-1446,"tobacco",974,TOBACCO
1447,TLS-1999-1589-1447,"tobacco pipe",,
1448,TLS-1999-1589-1448,"today",,
1449,TLS-1999-1589-1449,"toe",,
1450,TLS-1999-1589-1450,"tomato",986,TOMATO
1451,TLS-1999-1589-1451,"tomorrow",1329,TOMORROW
1452,TLS-1999-1589-1452,"tongue",1205,TONGUE
1453,TLS-1999-1589-1453,"tooth",1380,TOOTH
1454,TLS-1999-1589-1454,"top",1753,TOP
1455,TLS-1999-1589-1455,"top, peak",2205,PEAK
1456,TLS-1999-1589-1456,"tortoise",895,TORTOISE
1457,TLS-1999-1589-1457,"town",1391,TOWN
1458,TLS-1999-1589-1458,"tramp of feet",,
1459,TLS-1999-1589-1459,"trap",,
1460,TLS-1999-1589-1460,"travel",,
1461,TLS-1999-1589-1461,"travel, walk",,
1462,TLS-1999-1589-1462,"travel; walk",,
1463,TLS-1999-1589-1463,"tree",,
1464,TLS-1999-1589-1464,"tremble, shake",1909,SHAKE
1465,TLS-1999-1589-1465,"trickle away",,
1466,TLS-1999-1589-1466,"trunk (of elephant)",,
1467,TLS-1999-1589-1467,"try",,
1468,TLS-1999-1589-1468,"tsetse fly",,
1469,TLS-1999-1589-1469,"tsetse-fly",,
1470,TLS-1999-1589-1470,"turn (act)",,
1471,TLS-1999-1589-1471,"turn (left or right)",,
1472,TLS-1999-1589-1472,"turn round",1445,TURN (SOMETHING)
1473,TLS-1999-1589-1473,"turn round, change",1264,CHANGE
1474,TLS-1999-1589-1474,"turn upside down, turn over",1588,TURN
1475,TLS-1999-1589-1475,"twenty",1710,TWENTY
1476,TLS-1999-1589-1476,"twin",,
1477,TLS-1999-1589-1477,"twist",430,TWIST
1478,TLS-1999-1589-1478,"two",1498,TWO
1479,TLS-1999-1589-1479,"udder",154,UDDER
1480,TLS-1999-1589-1480,"uji",1167,GRUEL
1481,TLS-1999-1589-1481,"uncover, reveal",,
1482,TLS-1999-1589-1482,"under",,
1483,TLS-1999-1589-1483,"underneath",,
1484,TLS-1999-1589-1484,"understand",1536,UNDERSTAND
1485,TLS-1999-1589-1485,"unripe, half grown",,
1486,TLS-1999-1589-1486,"unripe, uncooked",,
1487,TLS-1999-1589-1487,"up, above",,
1488,TLS-1999-1589-1488,"upright",,
1489,TLS-1999-1589-1489,"urinate",592,PISS
1490,TLS-1999-1589-1490,"urine",1142,URINE
1491,TLS-1999-1589-1491,"use",2072,USE (VERB)
1492,TLS-1999-1589-1492,"use medicine",,
1493,TLS-1999-1589-1493,"valley",921,VALLEY
1494,TLS-1999-1589-1494,"vapour, gas",,
1495,TLS-1999-1589-1495,"vein",,
1496,TLS-1999-1589-1496,"village",930,VILLAGE
1497,TLS-1999-1589-1497,"virgin (bride), girl",,
1498,TLS-1999-1589-1498,"virgin(bride), girl",,
1499,TLS-1999-1589-1499,"vision",,
1500,TLS-1999-1589-1500,"voice",1363,VOICE
1501,TLS-1999-1589-1501,"vomit",1278,VOMIT
1502,TLS-1999-1589-1502,"wait for",1590,WAIT (FOR)
1503,TLS-1999-1589-1503,"wake someone up",,
1504,TLS-1999-1589-1504,"wake up (someone else)",1602,WAKE UP
1505,TLS-1999-1589-1505,"wake up (yourself)",1602,WAKE UP
1506,TLS-1999-1589-1506,"waken (yourself)",1602,WAKE UP
1507,TLS-1999-1589-1507,"walk",2450,FOOT OR WALK
1508,TLS-1999-1589-1508,"walk, travel",,
1509,TLS-1999-1589-1509,"wall",933,WALL (OF HOUSE)
1510,TLS-1999-1589-1510,"want",1784,WANT
1511,TLS-1999-1589-1511,"want, need, wish",,
1512,TLS-1999-1589-1512,"war",,
1513,TLS-1999-1589-1513,"warm",1232,WARM
1514,TLS-1999-1589-1514,"warm oneself",,
1515,TLS-1999-1589-1515,"wart-hog",,
1516,TLS-1999-1589-1516,"warthog",,
1517,TLS-1999-1589-1517,"wash",1453,WASH
1518,TLS-1999-1589-1518,"wash (clothes)",1453,WASH
1519,TLS-1999-1589-1519,"wash oneself (after evacuating",,
1520,TLS-1999-1589-1520,"wash, take a bath",1453,WASH
1521,TLS-1999-1589-1521,"wasp",1517,WASP
1522,TLS-1999-1589-1522,"water",948,WATER
1523,TLS-1999-1589-1523,"wave, let off a trap, remove a",978,WAVE
1524,TLS-1999-1589-1524,"we",,
1525,TLS-1999-1589-1525,"we, us",,
1526,TLS-1999-1589-1526,"weak",1601,WEAK
1527,TLS-1999-1589-1527,"wear",976,WEAR
1528,TLS-1999-1589-1528,"weave",133,WEAVE
1529,TLS-1999-1589-1529,"weave, knit",133,WEAVE
1530,TLS-1999-1589-1530,"weep",1839,CRY
1531,TLS-1999-1589-1531,"weight, rhythm",2466,WEIGHT
1532,TLS-1999-1589-1532,"well",,
1533,TLS-1999-1589-1533,"wet",1726,WET
1534,TLS-1999-1589-1534,"what?",,
1535,TLS-1999-1589-1535,"wheat",1077,WHEAT
1536,TLS-1999-1589-1536,"when?",1238,WHEN
1537,TLS-1999-1589-1537,"where?",1237,WHERE
1538,TLS-1999-1589-1538,"which?",727,WHICH
1539,TLS-1999-1589-1539,"whistling",,
1540,TLS-1999-1589-1540,"white",1335,WHITE
1541,TLS-1999-1589-1541,"white hair",,
1542,TLS-1999-1589-1542,"white man",,
1543,TLS-1999-1589-1543,"white person",,
1544,TLS-1999-1589-1544,"whiteman",,
1545,TLS-1999-1589-1545,"who?",,
1546,TLS-1999-1589-1546,"why?",1270,WHY
1547,TLS-1999-1589-1547,"wicked",,
1548,TLS-1999-1589-1548,"wide",1243,WIDE
1549,TLS-1999-1589-1549,"wife",1199,WIFE
1550,TLS-1999-1589-1550,"wild-cat",,
1551,TLS-1999-1589-1551,"wind",960,WIND
1552,TLS-1999-1589-1552,"wind round",,
1553,TLS-1999-1589-1553,"wind up (thread)",,
1554,TLS-1999-1589-1554,"wing",1257,WING
1555,TLS-1999-1589-1555,"winnow",2462,WINNOWING
1556,TLS-1999-1589-1556,"wipe",,
1557,TLS-1999-1589-1557,"wire",2631,WIRE
1558,TLS-1999-1589-1558,"wish",1784,WANT
1559,TLS-1999-1589-1559,"witchcraft",392,MAGIC
1560,TLS-1999-1589-1560,"with",1340,WITH
1561,TLS-1999-1589-1561,"withhold from",,
1562,TLS-1999-1589-1562,"withold from",,
1563,TLS-1999-1589-1563,"woman",962,WOMAN
1564,TLS-1999-1589-1564,"womb",804,WOMB
1565,TLS-1999-1589-1565,"wooden dish",,
1566,TLS-1999-1589-1566,"wooden tool for pounding",,
1567,TLS-1999-1589-1567,"word",1599,WORD
1568,TLS-1999-1589-1568,"work",984,WORK (LABOUR)
1569,TLS-1999-1589-1569,"work as a mason",,
1570,TLS-1999-1589-1570,"worm",1219,WORM
1571,TLS-1999-1589-1571,"wrap up",,
1572,TLS-1999-1589-1572,"wring",1414,SQUEEZE
1573,TLS-1999-1589-1573,"wring (nguo)",1414,SQUEEZE
1574,TLS-1999-1589-1574,"yam",410,YAM
1575,TLS-1999-1589-1575,"yawn",1028,YAWN
1576,TLS-1999-1589-1576,"year",1226,YEAR
1577,TLS-1999-1589-1577,"yellow",1424,YELLOW
1578,TLS-1999-1589-1578,"yesterday",1174,YESTERDAY
1579,TLS-1999-1589-1579,"you (pl)",,
1580,TLS-1999-1589-1580,"you (pl.)",,
1581,TLS-1999-1589-1581,"you (sg)",,
1582,TLS-1999-1589-1582,"you (sg.)",,
1583,TLS-1999-1589-1583,"you (sing.)",,
1584,TLS-1999-1589-1584,"young man",76,YOUNG MAN
1585,TLS-1999-1589-1585,"your father",,
1586,TLS-1999-1589-1586,"your(s) (Pl. 2nd person)",,
1587,TLS-1999-1589-1587,"your(s) (pl.)",,
1588,TLS-1999-1589-1588,"youth",1366,BOY
1589,TLS-1999-1589-1589,"zebra",,
