LEXEME,REPLACEMENT,COMMENT
"ku(tetema) see #528","ku",
"pl.amakala(s.eikala)","amakala",
"igego-ja-ko#","igego-ja-ko",
"1) ng'hoso, 2) mbuku","ng'hoso",
"mpambo/enono)","mpambo",
"(kw))leeruka","leeruka",
"1)uguhola;2)ugukila","uguhola",
"1)gusunika 2)kwenyegeza - to push firewood or ***","gusunika",
"1)omuramu,2)omuramukazi","omuramu",
"1)sobukwe(yours)databukwe(mine){male} 2)nyokobukwe","sobukwe",
"1)okuryeka(mtu) 2)okotokera((kitu)=kufukia)","okuryeka",
"1)kinyongo 2)kikwabhe","kinyongo",
"imbwa e:mbwa]","imbwa",
"uku)humisa","humisa",
"ihi?","ihi",
"ku-tililika?","ku-tililika",
"mashuaa?","mashuaa",
"ndai?","ndai",
"mbwai?","mbwai",
"ku-kakama?","ku-kakama",
"ku-humuiza?","ku-humuiza",
"ulimi?","ulimi",
"ngahi?","ngahi",
"ziso?","ziso",
"mtatu, mtandatu?!","mtatu",
"ku-embika mpaahoe?","ku-embika mpaahoe",
"ntunda?, sasa","ntunda",
"mntumbwi?","mntumbwi",
"ziko da kuokea...","ziko da kuokea...",
"tukwa?","tukwa",
"kuondeza?","kuondeza",
"ku-ea?","ku-ea",
"ku-kintana?","ku-kintana",
"ndani?","ndani",
"nyihi (ini)  # nyini ? #","nyihi",
"-ao?","-ao",
"kiva  # kira ? #","kiva",
"koshi  # kashi ? #","koshi",
"no  # uo ? #","no",
"kuvinavina  # kurinarina ? #","kuvinavina",
"-segeleni hamwe?","-segeleni hamwe",
"gedele, ngindu?","gedele",
"ilihi?","ilihi",
"mgati, kugati?","mgati",
"ku-wa na mimba, ku-banang..?","ku-wa na mimba",
"ku-dengeleza, ku-mulekele..?","ku-dengeleza",
"nani?","nani",
"vilihi? (-ki)","vilihi",
"-gubula, ku-manyika ..?","-gubula",
"vinga?","vinga",
"ilikwi?","ilikwi",
"weni?","weni",
"chani?","chani",
"urehebengi enyanagau enyerere       ?","urehebengi enyanagau enyerere",
"okorenta, ase..... ?","okorenta",
"gotindeka, gotinguta(person)      ?","gotindeka",
"(bi)renga,egaching'ana ki?","renga",
"koabusa   ???","koabusa",
"amo  ?","amo",
"enyongo,ensingo,ekebekerer              ?","enyongo",
"gutora amaoga   ???","gutora amaoga",
"rinyamoutokia?","rinyamoutokia",
"ogocha mobosokano  ?","ogocha mobosokano",
"erusa,ribaga,riogotimoka    ?","erusa",
"amasikani anyasae ??","amasikani anyasae",
"omgorondo     ?","omgorondo",
"chitoro  ?","chitoro",
"kwonora   ?","kwonora",
"okonyirora      ?","okonyirora",
"emeremo em ?","emeremo em",
"konara?,koraba","konara",
"goikaransara ebisonsogor...?","goikaransara ebisonsogor...",
"ararire,amanyekemire ?","ararire",
"gokebera?,gosaba","gokebera",
"ekerimbote?,omouko","ekerimbote",
"kobiringa,koborongora ?","kobiringa",
"kinyani  # kinyawi ? #","kinyani",
"luma  # iuma, uma ? #","luma",
"daraja, mdando  # mbando ? #","daraja",
"mshoghodi  # mshoghadi ? #","mshoghodi",
"ilinga?","ilinga",
"kyombo  # fyombo ? #","kyombo",
"ingaa?","ingaa",
"rongo  # vongo ? #","rongo",
"mburi  # nuburi ? #","mburi",
"vura  # uura ? #","vura",
"ivwaranisha  # ivwaramsha ? #","ivwaranisha",
"ichamua  # iichamua ? #","ichamua",
"ilopoa  # ilodoa ? #","ilopoa",
"ku-migururja?","ku-migururja",
"mufumu?","mufumu",
"ku-migirirya?","ku-migirirya",
"fuwe ?","fuwe",
"bimeka?","bimeka",
"niki ?","niki",
"mugulo ?","mugulo",
"mellevu?","mellevu",
"nani ?","nani",
"kutigihe ?","kutigihe",
"kuchumbagila  ?","kuchumbagila",
"(u)kurandura ?","kurandura",
"kucha ibiche ?","kucha ibiche",
"-ngabe?","-ngabe",
"kulila ?","kulila",
"umusururu   ?","umusururu",
"impungurano ?","impungurano",
"kuhihiriza ?","kuhihiriza",
"kwiiba ?","kwiiba",
"impyizi  ?","impyizi",
"ejobundi ?","ejobundi",
"inde?","inde",
"iki?","iki",
"(kwa)njara  ??","njara",
"(ku)undela ngana ?, (ku)hondelangana","undela ngana",
"ebileju(matalila,manina,muleju)  ?","ebileju",
"(kukonja)e.g.construct a boat","e.g.construct a boat",
"(ku)shobeeleza,kweegekana  ?","shobeeleza",
"(o)kwoomoka-kwoig...?","kwoomoka-kwoig...",
"pl.amakala(s.eikala)","pl.amakala",
"(kanda-adopted now)  !","!",
"omumambya,omusheesho,gwobwiile ?","omumambya",
"shozaala,nyokozaala/tatazaala mazaala?","shozaala",
"(ku)lekela,(ku)whao?","lekela",
"-liya,ki?(kiiya)","-liya",
"okwigura(original),kutobola(modern) ?","okwigura",
"(ku)tuula?","tuula",
"manja , enshasi z'omulilo ?","manja",
"kukwata aitama?","kukwata aitama",
"ubhurito  ???","ubhurito",
"nyamaranga,kembhore ?","nyamaranga",
"mbaza,bisare(people)  ?","mbaza",
"chahe?","chahe",
"rihtohto riroba  ?","rihtohto riroba",
"ritoto(leaf),urunyaki(grass)  ???","ritoto",
"lingari ?","lingari",
"rissossoni   ?","rissossoni",
"kwihtora  ?","kwihtora",
"komosha ?","komosha",
"wewe?","wewe",
"neke? kegoroke?   (for specific inguiry)","neke? kegoroke",
"kotereka,kwikaryakia ?","kotereka",
"kotandeka/kozaburya(small stick) ?","kotandeka/kozaburya",
"kwikenda,kwirikama,khobabwahene ?","kwikenda",
"simya(for fire),malamo obuile  ?(for thirsty)","simya",
"mkula ?","mkula",
"-bole ?","-bole",
"urula ?","urula",
"omwenikili ?","omwenikili",
"olwimbo ?","olwimbo",
"omufwa mungu  ?","omufwa mungu",
"omuyala wapo/omundulume waye ?","omuyala wapo/omundulume waye",
"ehibalo ?","ehibalo",
"echibanda,echiuna ?","echibanda",
"omwiko,echikokotel ?","omwiko",
"niga?","niga",
"niki?","niki",
"inyofi(pl.jinyofi) ?","inyofi",
"mreka  # mreke ? #","mreka",
"nyingi?","nyingi",
"kupenda?","kupenda",
"rikoko  # mikoko, nikoko ? #","rikoko",
"ndaho  # ndako ? #","ndaho",
"kurwa  # kuvwa ? #","kurwa",
"ku-boteleza?","ku-boteleza",
"kudisima?","kudisima",
"ku-mkomebazha?","ku-mkomebazha",
"nyinghahi?","nyinghahi",
"ku-gula na ...?","ku-gula na ...",
"jivu, hivu (mahivu)?","jivu",
"chikombe, nhabatibo?","chikombe",
"choni?","choni",
"ku-toa mahua?","ku-toa mahua",
"masughula?","masughula",
"ku-ianza chowe?","ku-ianza chowe",
"kitakabadhi?","kitakabadhi",
"ku-lolela ...?","ku-lolela ...",
"ku-soligwa?","ku-soligwa",
"mwaba?","mwaba",
"chamiage, chigulo?","chamiage",
"munda ?","munda",
"ku-kologa...?","ku-kologa...",
"-londa?","-londa",
"ku-funghiliza, ku-funga mto ,,,?","ku-funghiliza",
"ku-legelesha mbuli..?","ku-legelesha mbuli..",
"ku-higa?","ku-higa",
"ndama, ng'ombe ..?","ndama",
"kw-isemwa ?","kw-isemwa",
"kota?","kota",
"ine  # ive ? #","ine",
"mia isadu  # = 300 ? #","mia isadu",
"kyovo  # kyoro ? #","kyovo",
"halla  # haua ? #","halla",
"itukwa  # itukwu, itulewa, itulewu ? #","itukwa",
"isia sii  # ? #","isia sii",
"iharyu  # ? #","iharyu",
"ifuha  # ifuna ? #","ifuha",
"itishya [= to feed child by mouth]  # ifishya ? #","itishya",
"mbuu  # mbuy ? #","mbuu",
"imanya  # imarya ? #","imanya",
"mti  # mfi ? #","mti",
"mwafa  # mwasa ? #","mwafa",
"hansi,ifwo,mubutala hansi ?","hansi",
"kubulwa amani,kulengaha?","kubulwa amani",
"kutimbagilizya ?","kutimbagilizya",
"ameno agasong..?","ameno agasong..",
"enfui?","enfui",
"kuhaguka,kulazya(zima mot)?","kuhaguka",
"kwizonga,kuzonga,kuzongolo..?","kwizonga",
"ekilonda,empolela(donda duga)?","ekilonda",
"kucabaho ?","kucabaho",
"kulundula?","kulundula",
"bingaha?,bangaha?","bingaha",
"eleitunganwa?","eleitunganwa",
"namuntuzu?","namuntuzu",
"akasolosondl?,mukanoni?","akasolosondl",
"akafotosi?","akafotosi",
"enduda y'obulofu?","enduda y'obulofu",
"obubanda?","obubanda",
"ekizuri?","ekizuri",
"mbega?","mbega",
"kukolola?","kukolola",
"kukukumba,kukumanya obu/ofu(kukusanytaka)?","kukukumba",
"mkuyu?","mkuyu",
"olunanga?","olunanga",
"imo?","imo",
"kuzala?","kuzala",
"oha?(nani?),kiha?(kipi?)","oha",
"kubuzya,kueekela?","kubuzya",
"kutaha?","kutaha",
"kuseluka,kubila,kutabanguka?","kuseluka",
"ihalala?","ihalala",
"natububi?","natububi",
"-guzu,obwilaguzu(wensi) ?","-guzu",
"byawe,chenu,wenu?","byawe",
"kusunjasunja,kulela kub..?","kusunjasunja",
"kuguma(kuwa gumu)?","kuguma",
"luzuma?","luzuma",
"bantu ?","bantu",
"kusemela(kuwabora),-semela?","kusemela",
"kwekubya,kwelahizya?","kwekubya",
"kubungula,kukwatanisya ?","kubungula",
"kwinika,kukobeka?","kwinika",
"olugo?","olugo",
"kulabula,kuhiga ?","kulabula",
"izona lyona,lunaku lwona?","izona lyona",
"kulwala,kusasura?","kulwala",
"kukona,kutisya?","kukona",
"niki? otiki? ota?","niki? otiki? ota",
"kusubula?","kusubula",
"kuleka?","kuleka",
"kwiseleka?","kwiseleka",
"ida  # eda ? #","ida",
"idi  # inidi, iindi ? #","idi",
"miri  # min', miii ? #","miri",
"mtiri  # mtin' ? #","mtiri",
"nungu  # nu/ngu ? #","nungu",
"iwereta  # iweneta ? #","iwereta",
"itolya  # itoliya ? #","itolya",
"ewa mane  # manq# ? #","ewa mane",
"uangari  # uangavi ? #","uangari",
"otota  # otata, otuta ? #","otota",
"aribu  # anbu ? #","aribu",
"nkwi?","nkwi",
"nkiki?","nkiki",
"endii?","endii",
"-nga?","-nga",
"-booru  # booku ? #","-booru",
"kingaki?","kingaki",
"msenge, kidi  # mfenge ? #","msenge",
"nyiwi?","nyiwi",
"kyooki?","kyooki",
"ngahe?","ngahe",
"igishiliila(pl.ibhishiliila)  ?","igishiliila",
"-ahe?","-ahe",
"umuvyeyi(pl.abhavyeyi) ?","umuvyeyi",
"ugupaapalika;ugukubhit'amabhabha ?","ugupaapalika;ugukubhit'amabhabha",
"ikuvyina ?","ikuvyina",
"igitulililo(pl.ibhilutililo) ?","igitulililo",
"urusaro(pl.insaro,ubhusaro)  ?","urusaro",
"inde? (pl.bhande?)","inde",
"iki? (pl.amaki)","iki",
"omwangalala ?","omwangalala",
"okwimelekulu   ?","okwimelekulu",
"echikingi ?","echikingi",
"okusosyao ?","okusosyao",
"-lume?","-lume",
"okwiusha ?","okwiusha",
"-linga?","-linga",
"walukerwe,libwotota ?","walukerwe",
"akati,munda  ?","akati",
"okumala,okumalishya ?","okumala",
"okusoka/ o ?","okusoka/ o",
"okunyama ?","okunyama",
"okukeya,okuleba ?","okukeya",
"kachali masella,-chali tuba ?","kachali masella",
"okulunduma,okubokoma ?","okulunduma",
"isi,echalo ?","isi",
"obhwalwa(r)  ?","obhwalwa",
"nyabhuoko,ingolima ?","nyabhuoko",
"okubila,okutubhila ?","okubila",
"okulolelela ?","okulolelela",
"amoilo ?","amoilo",
"nika?","nika",
"okufumbika-ira ?","okufumbika-ira",
"ndonya ya kilangVsi ?","ndonya ya kilangVsi",
"kusongukiti  ?","kusongukiti",
"ku(ghofugha)?","ku",
"ku(kala)na ?","kuna",
"kilefu/kinjwemba ?","kilefu/kinjwemba",
"kuluka/kusokola ?","kuluka/kusokola",
"-ninga?","-ninga",
"ku(yenda)kwa maghulu/kutyanga ?","kukwa maghulu/kutyanga",
"ngongu/mitamba  la kolukolu ?","ngongu/mitamba  la kolukolu",
"-ihakala/a samani ?","-ihakala/a samani",
"ku(luka)?","ku",
"ku(tola)kuyegha, papa ?","kukuyegha",
"lisikiyu/masi...","lisikiyu/masi...",
"kikapu/litandavala ?","kikapu/litandavala",
"ku(tiyika) machi?","ku machi",
"(use grass) ?","",
"mbongu,kiyuni ?","mbongu",
"-a samani ?","-a samani",
"ku(hyaghula) ?","ku",
"ku(gubika)mesu ?","kumesu",
"kidokola ?","kidokola",
"chemchemu ?","chemchemu",
"uheveli ?","uheveli",
"ghani ?","ghani",
"liki?","liki",
"kupyaghila ?","kupyaghila",
"ngano  # ngauo ? #","ngano",
"ipuo  # ifuo ? #","ipuo",
"wicho, kiuicho  # kikicho ? #","wicho",
"kihongo  # kihonjo ? #","kihongo",
"mbihu  # mbihu ? #","mbihu",
"-beri  ?","-beri",
"uberi  ?","uberi",
"kulohola ?","kulohola",
"(ku)sozia ?","sozia",
"wa suwa ?","wa suwa",
"kukolera(thing),matumbu ?","kukolera",
"kulintira ?,kukulira","kulintira",
"laga lundupi ?","laga lundupi",
"kuponnya ?","kuponnya",
"kutawa pamwei ?","kutawa pamwei",
"kama videta ?","kama videta",
"(ku)bewa,kulikoma    ?","bewa",
"(ku)vula(nguu) ?","vula",
"(ku)valzia  ??","valzia",
"(ku)yupa(zawadi) ?","yupa",
"(ku)longa,(ku)zyu...?","longa",
"(ku)lyanga/tyanga ?","lyanga/tyanga",
"lifunghusi  ?","lifunghusi",
"ndau ?","ndau",
"lgutu  ?","lgutu",
"nkati ?","nkati",
"mtuyi ?","mtuyi",
"mtua,lkambaku ?","mtua",
"njiwa,shlpweri    ?","njiwa",
"kufua ?","kufua",
"mtuwa,(mbuyi) ?","mtuwa",
"shimpund  ?","shimpund",
"(ku)ula ?","ula",
"-doda ?","-doda",
"vidoda ?","vidoda",
"kwavula  ?","kwavula",
"kudumbira ?","kudumbira",
"lteti? (pl.miteti)","lteti",
"kwisi,mmkati ?","kwisi",
"lifufu ?","lifufu",
"(ku)lowa ?","lowa",
"kwikala,(ku)livaga ?","kwikala",
"shwu/shivu ?","shwu/shivu",
"luti,miti,lsontu misontu ?","luti",
"itumbaku ?","itumbaku",
"(ku)litapa   ?","litapa",
"(ku)lirapa   ?","lirapa",
"(ku)timbula?,(ku)timbulira","timbula",
"libuhi ?","libuhi",
"shsoweru (pl.visoweru) ?","shsoweru",
"(ku)fira ?","fira",
"(ku)lawlira  ?","lawlira",
"ga?","ga",
"shi?","shi",
"kulififa pa shbambaza ?","kulififa pa shbambaza",
"uruka wamoru  # wamotu ? #","uruka wamoru",
"mneng'a, mfu  # menga ? #","mneng'a",
"ib*i?","ib*i",
"choiki?","choiki",
"ivaria, ichemsha  # ivana ? #","ivaria",
"chandu, cha  # eha ? #","chandu",
"ngisese  # ngisise, ngiseje ? #","ngisese",
"mbishi, ngiboru  # mbichi ? #","mbishi",
"iateka  # ialeka ? #","iateka",
"inguruna  # ingurima ? #","inguruna",
"ilikilia  # ilihilia ? #","ilikilia",
"ifurafura, isomva  # isouwa ? #","ifurafura",
"ikania, ifikiri  # ihania, ifihiri ? #","ikania",
"ikiria  # ihiria ? #","ikiria",
"mrika  # mriha ? #","mrika",
"kaa  # haa ? #","kaa",
"ikomana  # ikoreana, ikoriana ? #","ikomana",
"mnyabwolo;umunebwe ?","mnyabwolo;umunebwe",
"inswa,ibhineganshinga  ??","inswa",
"ukunkabhukanya ?","ukunkabhukanya",
"mupata?,ikulubhebha;mupanga(mubata ?)","mupata",
"ukgalama;ukulala ubhugalame  ?","ukgalama;ukulala ubhugalame",
"bhingahe?","bhingahe",
"igiho ?","igiho",
"mukwe;umufansoni ?","mukwe;umufansoni",
"ibhanvu ?","ibhanvu",
"kyahe?","kyahe",
"ukucha ulubhanga ?","ukucha ulubhanga",
"ukuleka;ukesiga  ?","ukuleka;ukesiga",
"ukusunika;ukutembagaza   ?","ukusunika;ukutembagaza",
"ukutuma;ukulungika;ukulangila ?","ukutuma;ukulungika;ukulangila",
"ikikilo ?","ikikilo",
"wene ?","wene",
"gukwe;kaaka ?","gukwe;kaaka",
"tukuhala ?","tukuhala",
"enamunsi ?;ejobhundi","enamunsi ?;ejobhundi",
"ukuubhula /ukuhubhula ?","ukuubhula /ukuhubhula",
"akamiina  ?","akamiina",
"ukulonga;ukwuzulachane  ?","ukulonga;ukwuzulachane",
"inalele;akabhagali ?","inalele;akabhagali",
"ukuhomba;ukwonda ?","ukuhomba;ukwonda",
"umwagi;umusumpa ?","umwagi;umusumpa",
"ukusobhola;ukutonola;ukuhalula ?","ukusobhola;ukutonola;ukuhalula",
"ukulobhamla ?; ugutolagula ?","ukulobhamla ?; ugutolagula",
"ukugumako ?","ukugumako",
"ninde?","ninde",
"ikinyogoto ?","ikinyogoto",
"ukukanyalana ?","ukukanyalana",
"ukwifumbata;ukwifata ubhulush  ?","ukwifumbata;ukwifata ubhulush",
"ivyondo ?","ivyondo",
"okohoyera,okotomba ?","okohoyera",
"gotania/ukurutia ?","gotania/ukurutia",
"(okogoga)ugusincha?","ugusincha",
"iching'ombe ???","iching'ombe",
"omonene,umuhiku ?","omonene",
"kehai?","kehai",
"obochabo,ubunyan?","obochabo",
"ekesagia/orosegya ?","ekesagia/orosegya",
"ichimboto(pl.),emboko(sing.)  ?","ichimboto",
"gonchehya ???","gonchehya",
"okolea ikohor...?","okolea ikohor...",
"(uku)rurwana ?","rurwana",
"ng'wi?","ng'wi",
"nke?","nke",
"inyonga/enter.....?","inyonga/enter.....",
"ukuhikana hang'...?","ukuhikana hang'...",
"ekekong'u ?","ekekong'u",
"ongeha/gota enchera ?","ongeha/gota enchera",
"obhombokero,   ekembokero?","obhombokero",
"ogotokera, ukuhirabhwi  ?","ogotokera",
"ukurutirya,ukwigatera,okobhandirrya?","ukurutirya",
"endrrwe?","endrrwe",
"omoreri, omomaryogo?","omoreri",
"irenga?","irenga",
"ikirungusi  ?","ikirungusi",
"okogota,okoharo   ?","okogota",
"orohamb  ?","orohamb",
"hai?","hai",
"obhoharo,obhosambareku ?","obhoharo",
"ukubhina,ogotenga,ugutam  ?","ukubhina",
"ubhumwamu,ubhwire,gisunt  ?","ubhumwamu",
"uguchwariya ?","uguchwariya",
"ing'iti-nyamururai,nwembe tyekwe ?","ing'iti-nyamururai",
"(omonto)egone, eroho, ikuge ?","egone",
"ugutura ?   ichihagwe","ugutura ?   ichihagwe",
"uguchubhurya,ukwimurya,okoharahara ?","uguchubhurya",
"ukungura ???(see #834)","ukungura",
"ku see #528","ku",
"ogotegerya,okohenyeka, ukungura???","ogotegerya",
"ogosabha isire,ekebete ?","ogosabha isire",
"ne ng'wei?","ne ng'wei",
"ukwimya,ukubhusura,ogokomya?,ogosemeka","ukwimya",
"ukwirrura,ogosonga,ogosensea?","ukwirrura",
"okogaranchora,okohonehora,okobhomobokora?","okogaranchora",
"okorengoramaki,etaro,ukuhumbya,okogendra ?","okorengoramaki",
"(n)zuzi?","zuzi",
"zino, disongo..?","zino",
"midevwu?","midevwu",
"-imao?","-imao",
"n(d)zo(t)zi, ?","nzozi",
"?","",
"-keke, -pangegon..?","-keke",
"mgong'oh?","mgong'oh",
"-...miawa?","-...miawa",
"nhsemwa?","nhsemwa",
"gwe nani?","gwe nani",
"mkulu, komala?","mkulu",
"ku-gudema gwaya?","ku-gudema gwaya",
"ku-ng'wa nghab..?","ku-ng'wa nghab..",
"ku-guma maho?","ku-guma maho",
"ku-isangal..?","ku-isangal..",
"kw-iga, ku-sondele?","kw-iga",
"ku-hishimu?","ku-hishimu",
"m mhungi?","m mhungi",
"ku-finga, ku-zindi...?","ku-finga",
"-ilihi?","-ilihi",
"-imloba?","-imloba",
"ku-solakwa nguvu?","ku-solakwa nguvu",
"mbogo, bud..?","mbogo",
"ku-finya, ku-nu..?","ku-finya",
"ku-chunga  eg. ku-chunga ng'ombe","ku-chunga  eg. ku-chunga ng'ombe",
"ngubiko, chisito?","ngubiko",
"-chigugumiza?","-chigugumiza",
"vilinga?","vilinga",
"wenu?","wenu",
"kw-ifyana  ?","kw-ifyana",
"(cha)songoreka; (cha)kunga   ?","songoreka; kunga",
"daraja-chambuki  ?","daraja-chambuki",
"ku-katalakam  ?","ku-katalakam",
"njulai  ?","njulai",
"mwuanga ?","mwuanga",
"itori  ?","itori",
"anrira ?","anrira",
"lume(i)  ?","lume",
"kunyoso  ?","kunyoso",
"ruwarra; ku-tunga     ?","ruwarra; ku-tunga",
"lufiwola  ?","lufiwola",
"mwri  wa  nkyera  ?","mwri  wa  nkyera",
"kona,  ku-langa ?","kona",
"ku-muhera; ku-twala  ?","ku-muhera; ku-twala",
"ani?","ani",
"chee?","chee",
"ung'anyi  # unganyi ? #","ung'anyi",
"ffwe/ffe?","ffwe/ffe",
"muwendo?","muwendo",
"-meka ?","-meka",
"buugi ?","buugi",
"kijanyaalo ?","kijanyaalo",
"luvule/luviili?","luvule/luviili",
"kisinz...?","kisinz...",
"ku-jiba/jeba?","ku-jiba/jeba",
"ssonko ?","ssonko",
"anei?","anei",
"ku-saza ?, ku-sala","ku-saza",
"ko-neka?","ko-neka",
"ku-fula, ku-bwikula, ku-bung'ur...?","ku-fula",
"isamaki, mangala?","isamaki",
"k-ovuga?","k-ovuga",
"sungi(u)?","sungi",
"pinga ..?","pinga ..",
"luhinga?","luhinga",
"ku-g'ala?","ku-g'ala",
"hoka (pl. mahoka), ndolo bogwa?","hoka",
"ku-ng'ang'am..?","ku-ng'ang'am..",
"ku-sakula. ku-mwemu..?","ku-sakula. ku-mwemu..",
"ku-haghala?","ku-haghala",
"simula. sukusa","simula. sukusa",
"tsinga ?, benga ?","tsinga",
"sili ?","sili",
"umundu, umuntu!","umundu",
"khu-khwibutaka, khu-khwikhwaruraka ?","khu-khwibutaka",
"simula (pl. bimuli) ?","simula",
"nanu ?","nanu",
"sina ?","sina",
"lulwaakha (pl. tsintsakha), isaloo ?","lulwaakha",
"-zinga?","-zinga",
"-chi?","-chi",
"uni?, oni?","uni",
"ochi?, ochechi?","ochi",
"oku-fuuka omugug...?","oku-fuuka omugug...",
"eki...ilyaivu ?","eki...ilyaivu",
"eibumba ?","eibumba",
"kw-igulawoko, ku-kinzaw...?","kw-igulawoko",
"kw-erabira ?","kw-erabira",
"obufumbo, erya ?","obufumbo",
"kiki?, chii?","kiki",
"likhanda lyu musae ?","likhanda lyu musae",
"khu-vatsu...?","khu-vatsu...",
"havutsunza ?","havutsunza",
"linu lyuchi ?","linu lyuchi",
"khu-govitsa vwiyanga ?","khu-govitsa vwiyanga",
"vulala vwi tsimi ?","vulala vwi tsimi",
"khw-itsominu ?","khw-itsominu",
"tsimbeele ?","tsimbeele",
"khu-tera ha vulava ?","khu-tera ha vulava",
"khu-khung'anyinya ?","khu-khung'anyinya",
"khu-khuva mulo ?","khu-khuva mulo",
"lwamany ?","lwamany",
"khu-tesa...?","khu-tesa...",
"khu-hunya vuvi ?","khu-hunya vuvi",
"vianga ?","vianga",
"khw-iluwhanyi ?","khw-iluwhanyi",
"khu-khomola tsimon..?","khu-khomola tsimon..",
"munwa gwitsegu ?","munwa gwitsegu",
"maganda mate ?","maganda mate",
"shi ?","shi",
"muliru ?","muliru",
"khuhunya ?","khuhunya",
"khw-itila khu ?","khw-itila khu",
"musala munyelel..?","musala munyelel..",
"shitere shi shilenj..?","shitere shi shilenj..",
"mapwoni misukha ?","mapwoni misukha",
"khw-ikoba ?","khw-ikoba",
"khu-kona luvega lulala ?","khu-kona luvega lulala",
"shukuulia shu lugendo ?","shukuulia shu lugendo",
"khw-ikala tsimo munua ?","khw-ikala tsimo munua",
"vivi ?","vivi",
"khu-vala shilenja ?","khu-vala shilenja",
"khw-ikhala vulahi ?","khw-ikhala vulahi",
"nnyanyi?","nnyanyi",
"samani?","samani",
"iilyisa  # iilyisaa, iilyisae ? #","iilyisa",
"mafishi, ngin#  # mafishin ? #","mafishi",
"rongo  # rongyo ? #","rongo",
"iima  # imaa, iimao ? #","iima",
"ipo  # ipoo ? #","ipo",
"ir*a  # ir*aa ? #","ir*a",
"mkuu  # nnkuu ? #","mkuu",
"iifwo  # iifuo ? #","iifwo",
"ngalya  # ngalija ? #","ngalya",
"yor*u  # yor*a ? #","yor*u",
"saafu  # safu ? #","saafu",
"ukowu  # ukowa ? #","ukowu",
"ir*ashika  # irasluka ? #","ir*ashika",
"yalyika  # yalyitea ? #","yalyika",
"iitaambo  # itaambo ? #","iitaambo",
"kiwaro  # kiwan ? #","kiwaro",
"iwira  # iwiru ? #","iwira",
"yaaRwi  # orig. yaaRi #","yaaRwi",
"kiRoo  # kiRoe ? #","kiRoo",
"manga  # orig. mlanga ? #","manga",
"taan shisha   # taari ? #","taan shisha",
"malla  # orig. manla #","malla",
"ikokoi  # orig. ikokoyi #","ikokoi",
"weenga?","weenga",
"kya  # nkya ? #","kya",
"nkingaki?","nkingaki",
"ikunka  # ikurika ? #","ikunka",
"mwauka  # mwaaka ? #","mwauka",
"itya  # ilya ? #","itya",
"nyamen toose ?","nyamen toose",
"yinyiRi  # nyinyiRi ? #","yinyiRi",
"mbowi?","mbowi",
"nkgoki?","nkgoki",
"-ngapi?","-ngapi",
"nzele. mze, nse","nzele. mze",
"ilida?","ilida",
"nnani ?","nnani",
"chani ?","chani",
"halikwi?","halikwi",
"wenu?, unanu?","wenu",
"henu?, honi?","henu",
"sariwa  # sari wu ? #","sariwa",
"ngawo  # ngowo ? #","ngawo",
"kwi?","kwi",
"nyiki?","nyiki",
"indi?","indi",
"mlungana  # mlunguna ? #","mlungana",
"kisamusam  # -u ? #","kisamusam",
"osha, oshia  # asha ? #","osha",
"irumishe  # inimishe ? #","irumishe",
"irumisha  # inimisha ? #","irumisha",
"kyilee iko wanda  # iho ? #","kyilee iko wanda",
"itsuaya, ir*iyo  # itsuayu ? #","itsuaya",
"iwa kipusu  # iwu ? #","iwa kipusu",
"irunduka  # ininduka ? #","irunduka",
"kifui  # kisui ? #","kifui",
"kyiha?","kyiha",
"mbaraeha  # mbaracha ?","mbaraeha",
"ipucha  # ipueha ? #","ipucha",
"imanya  # iruanya ? #","imanya",
"meemba  # mumba ? #","meemba",
"iha  # cha ? #","iha",
"uha?","uha",
"kyikyi?","kyikyi",
"vinga? [of things], yanga? [of people]","vinga",
"ichani?","ichani",
"-le_nga?","-le_nga",
"-kyo?","-kyo",
"yani?","yani",
"kyani?","kyani",
"kimuna, kijamany ?","kimuna",
"ku-kluga imbuza ?","ku-kluga imbuza",
"indamamweli ?","indamamweli",
"kitumi, kituuna ?","kitumi",
"ko-gona tsindool..?","ko-gona tsindool..",
"ku-vitiza tsing'i..?","ku-vitiza tsing'i..",
"ku-hana luya..?","ku-hana luya..",
"lunyasi, masam..?","lunyasi",
"ko-genda ne vireng..?","ko-genda ne vireng..",
"(ki)viivivi, (ki)dama ?","viivivi",
"inzara, etozo ?","inzara",
"ligonya ?, litemwa","ligonya",
"kiliha ?","kiliha",
"iliuru ?","iliuru",
"ko-romba emes..?","ko-romba emes..",
"mujevedi?","mujevedi",
"mumweli zingegeta ?","mumweli zingegeta",
"masiringoko ?","masiringoko",
"evizori ?","evizori",
"mutumbwi, muringa ?","mutumbwi",
"iliitu (pl. amatu) ?","iliitu",
"kwu-mbaka ?","kwu-mbaka",
"mavere ?","mavere",
"vwaha?","vwaha",
"kindiki?","kindiki",
"ko-neta, ko-komera, ku-sundu ?","ko-neta",
"-ngomeru, -netu, -sund ?","-ngomeru",
"m'baga, lwaka ?","m'baga",
"ku-vida uvwanga ?","ku-vida uvwanga",
"kwitulla ?","kwitulla",
"ko-kora vuniegeri ?","ko-kora vuniegeri",
"ile_nga?","ile_nga",
"sako?","sako",
"nia?, (nyane)","nia",
"ki?, (kike)","ki",
"laimi / laini ?","laimi / laini",
"ipi, eg. person; mwipi","ipi",
"peleukya  ?","peleukya",
"nyai?","nyai",
"namani?","namani",
"ghani?","ghani",
"yeny'  # yeny ? #","yeny'",
"ngarwa  # n'garwa ? #","ngarwa",
"isosouia  # isosovia ? #","isosouia",
"iruva  # iruua ? #","iruva",
"iira  # iiba ? #","iira",
"iruveu  # iruueu ? #","iruveu",
"mbarata  # nibarata ? #","mbarata",
"vava  # uava ? #","vava",
"iman'ya  # imanya ? #","iman'ya",
"(i)furaa  # ifwaa ? #","furaa",
"mt'o  # s.b. m`to ? #","mt'o",
"nguunde  # ng'uunda ? #","nguunde",
"(i)hit'a  # s.b. (i)hi`ta ? #","hit'a",
"(i)vikya m`te`te  # (i)vikye ? #","vikya m`te`te",
"ikana [?]  # ukana ? #","ikana",
"(i)t`onsa  # s.b. (i)`tonsa ? #","t`onsa",
"ivi?","ivi",
"(i)t'elya  # (i)`telya ? #","t'elya",
"it'onia  # s.b. i`tonia ? #","it'onia",
"obwisingura ?","obwisingura",
"okufuta ?","okufuta",
"okubusya mwanya ?","okubusya mwanya",
"riugo ?","riugo",
"omubei ?","omubei",
"eringa?","eringa",
"(ging'ombe)ekinibo ?","ekinibo",
"inkuru warukuru ?","inkuru warukuru",
"okugura ?","okugura",
"omugasi muka(rebe) ?","omugasi muka",
"(s)ngumi ?","ngumi",
"amaarage ?","amaarage",
"rikopo-amakopo   ?!","rikopo-amakopo",
"amafwi ?","amafwi",
"-aki?","-aki",
"gimfigo ?","gimfigo",
"okusasomwa amababa ?","okusasomwa amababa",
"ekirogi ?","ekirogi",
"obutara,ekirindiro?","obutara",
"ekinunulie ?","ekinunulie",
"riundu?(amaundu)","riundu",
"myesero ?","myesero",
"kwangalira,kuyamberira ?","kwangalira",
"gany abu ndege ?","gany abu ndege",
"okukora riberi ?","okukora riberi",
"okutanga ?","okutanga",
"akyori  kwato?","akyori  kwato",
"omugaya,mtumwa(s)?","omugaya",
"omutugwa   ?","omutugwa",
"imusya ?","imusya",
"okugereka ?","okugereka",
"omwibusya ?","omwibusya",
"okukoroga?","okukoroga",
"kujimu?","kujimu",
"kumilika?","kumilika",
"okupindura? kwindwa ?","okupindura",
"okupinga ?","okupinga",
"okukaga?","okukaga",
"ekigugumisi ?","ekigugumisi",
"enyofyo ?","enyofyo",
"okwiganirisya  ?","okwiganirisya",
"cha?, sa?","cha",
"nya?","nya",
"kwa?","kwa",
"guhagara-ra  ?","guhagara-ra",
"gutonyanga ?","gutonyanga",
"zingahe?/bingahe?/bangahe","zingahe",
"ikyuma cy' ubutare ?","ikyuma cy' ubutare",
"ingougori ?","ingougori",
"uruti rw'imugongo  ?","uruti rw'imugongo",
"iti?, chiti","iti",
"ilingwa ?","ilingwa",
"shai?","shai",
"-kwi?","-kwi",
"e-weni?","e-weni",
"i-chani?","i-chani",
"aratiti    ?","aratiti",
"ulekarero ?","ulekarero",
"koruanyuma  ?","koruanyuma",
"kukera ubhure  ?","kukera ubhure",
"amabhere amarwe ?","amabhere amarwe",
"kusesara  ?","kusesara",
"irenge?","irenge",
"noghi ?","noghi",
"kughenda kwa magoru ?","kughenda kwa magoru",
"kurangera ?","kurangera",
"kwireki     ?","kwireki",
"asarighoko  ?","asarighoko",
"hahi?","hahi",
"ribhoh...?","ribhoh...",
"orunyawambube ?","orunyawambube",
"amborete ?","amborete",
"kurunga?","kurunga",
"nsuu   ?","nsuu",
"kuringha ?","kuringha",
"uruowa     ?","uruowa",
"asire  ?","asire",
"niwe?","niwe",
"guchomeiwa    ?","guchomeiwa",
"kwoera   ?","kwoera",
"-liku?","-liku",
"gwini, aliku?","gwini",
"koni, choni?","koni",
"-yo?","-yo",
"yaku?","yaku",
"ulimbo (sangwo) ?","ulimbo",
"???","",
"(ku)lingana ?","lingana",
"i le ? i linga ?","i le",
"gani ?","gani",
"kini ?","kini",
"-ki?","-ki",
"kiki?","kiki",
"rikanda(amakaanda)..","rikanda",
"oghusiinda  ?","oghusiinda",
"ekyora (ebhyora) pl.    also eghekere","ekyora",
"erebha  pl. marebha","erebha",
"mkane = my wife; bhakane = pl.","mkane",
"eking'iriti???(not sure)","eking'iriti",
"engata. chi-","engata",
"1.gate   2.monse","gate",
"omokera, pl. eme","omokera",
"eghekondo ebhe- ?","eghekondo ebhe-",
"ehende, pl. che-","ehende",
"ehe?","ehe",
"omote gwa...","omote gwa...",
"ekehwe   ?","ekehwe",
"monto wa mungu ?","monto wa mungu",
"omonke/mwisek  ?","omonke/mwisek",
"rihindi; pl. amahindi","rihindi; pl. amahindi",
"ribhina, amabhina ?","ribhina",
"inyakoha pl. chi","inyakoha pl. chi",
"(mohaghachiwa magena)  ?","",
"oghwisangori enkundo    ?","oghwisangori enkundo",
"wiye?","wiye",
"risoswe; pl. amasoswe","risoswe; pl. amasoswe",
"orubharu ; pl. chimbaru","orubharu ; pl. chimbaru",
"ku-nda, -kunda?","ku-nda",
"kwi-itanga?","kwi-itanga",
"-haka?","-haka",
"kingho?","kingho",
"ku-lava. ku-lavya","ku-lava. ku-lavya",
"filinga?","filinga",
"filiku?","filiku",
"mma!!","mma!!",
"jwani?","jwani",
"ifiki?","ifiki",
"fangi, king'ina ?","fangi",
"u-fafa, ufufaga ?","u-fafa",
"nkinge ya ihema ?","nkinge ya ihema",
"ikhanda ra mwiri ?","ikhanda ra mwiri",
"itirotambuki ?","itirotambuki",
"mukhono wakilila ?","mukhono wakilila",
"maya ni ighundia ?","maya ni ighundia",
"maya ni malu...?","maya ni malu...",
"nyama a ...?","nyama a ...",
"u-nyunka wi?","u-nyunka wi",
"u-raa  ng'angari ?","u-raa  ng'angari",
"khoho ?","khoho",
"-inga ?","-inga",
"ienenda, mienene ?","ienenda",
"afei ?","afei",
"fito,  urughu ?","fito",
"kati yu, mbese ugintu ?","kati yu",
"ananuti ?","ananuti",
"iimwana ?","iimwana",
"u-tina  chaa/chao ?","u-tina  chaa/chao",
"mukhua we utia somba ?","mukhua we utia somba",
"huuti ?","huuti",
"ninyaa ?","ninyaa",
"u-yanja,  u-sigi...?","u-yanja",
"u-natia ?","u-natia",
"u-kumbatila ?","u-kumbatila",
"muitunguya ?","muitunguya",
"nkandanyuma ?","nkandanyuma",
"u-khughania ?","u-khughania",
"ughuu ?","ughuu",
"anyu ?","anyu",
"ntuni ?","ntuni",
"u-tamanukio war?","u-tamanukio war",
"u-tenda nkunjuura ?","u-tenda nkunjuura",
"u-tena nkwii ?","u-tena nkwii",
"u-ghema ?","u-ghema",
"-tifie,  -mpond...?","-tifie",
"u-tendia  hiri...?","u-tendia  hiri...",
"mutoto, munanaghii ?","mutoto",
"ng'uvi-ng'ombe  ?","ng'uvi-ng'ombe",
"ng'uvi  ?","ng'uvi",
"kiria irioma  ?","kiria irioma",
"urifa nanguu ?","urifa nanguu",
"ukura ?","ukura",
"findiriya  ?","findiriya",
"umariya ?","umariya",
"uyaghaa ?","uyaghaa",
"murungu ?","murungu",
"gwoghoha ?","gwoghoha",
"utindia ?","utindia",
"mururi ?","mururi",
"uning'aniya ?","uning'aniya",
"uhonja ?","uhonja",
"utuuga itambirimwe ?","utuuga itambirimwe",
"maiva wi akhamire ?","maiva wi akhamire",
"ginama ga imwana  ?","ginama ga imwana",
"ihuru ?","ihuru",
"ryoa ?","ryoa",
"ria ?","ria",
"gitunja ?","gitunja",
"ukumuka ?","ukumuka",
"uduya mwampefo ?","uduya mwampefo",
"ubulu  ?","ubulu",
"isanumba ?","isanumba",
"(u)righa, (u)fesya  ?","righa",
"u-rinja ?","u-rinja",
"mpeo ayo ?","mpeo ayo",
"maviyo ?","maviyo",
"kitambuka ?","kitambuka",
"uriva  ?","uriva",
"muunane ? wa gighosya","muunane ? wa gighosya",
"diu ni nkuu ?","diu ni nkuu",
"ufaaranga ?","ufaaranga",
"usenta ne mutinku ?","usenta ne mutinku",
"ubene  ?","ubene",
"ufaghua mpara  ?","ufaghua mpara",
"ukunia ?","ukunia",
"nyungu  ?","nyungu",
"muntu in ukure  ?","muntu in ukure",
"mutemi ?","mutemi",
"lume ?","lume",
"ukumua ?","ukumua",
"gwenda ginyanji,  unia ?","gwenda ginyanji",
"mwavia ?","mwavia",
"idae ?","idae",
"vakuku ?","vakuku",
"riviye ?","riviye",
"ehea ?","ehea",
"gimui ?","gimui",
"gina na mpefo ?","gina na mpefo",
"iburi, ifunju ?","iburi",
"ritiviye ?","ritiviye",
"gintu, intu ?","gintu",
"enenda gikaku ?","enenda gikaku",
"gimanjisya  ?","gimanjisya",
"rurie/ruvie ?","rurie/ruvie",
"mwimimi  ?","mwimimi",
"makwa ? ni iumie","makwa ? ni iumie",
"ivugha  ?","ivugha",
"gintu  gaso ?","gintu  gaso",
"uhongekera ?, ulu, vulu","uhongekera",
"itumbu  ?","itumbu",
"mwavya wa umughuu  ?","mwavya wa umughuu",
"njija  ?","njija",
"useya ?","useya",
"janjisya ?","janjisya",
"yiu muhaja mwata...?","yiu muhaja mwata...",
"ukhokhoa ?","ukhokhoa",
"ngwada ?","ngwada",
"ufenja ?","ufenja",
"uuatifa ?","uuatifa",
"muntu ni ugilungua naantu ?","muntu ni ugilungua naantu",
"gutuaniya ?","gutuaniya",
"ufambia  utuul...?","ufambia  utuul...",
"ziliingaa?","ziliingaa",
"shilikwi?","shilikwi",
"iyUUmbUle.  nyoku","iyUUmbUle.  nyoku",
"luusa ?","luusa",
"mUsemembo, nziEly ?","mUsemembo",
"dinga?","dinga",
"-chinee?","-chinee",
"oni?","oni",
"ochi?","ochi",
"lipande, pl. mapande","lipande",
"liini, pl. main","liini",
"mbaka, pl. mapaka","mbaka",
"lukega, pl. mikega","lukega",
"mmoso, pl. aboso","mmoso",
"kasia, pl. makasia","kasia",
"lino, pl. mino","lino",
"lifinga, pl. mafinga","lifinga",
"likala, pl. makala","likala",
"katukatu, pl. makatukatu","katukatu",
"mnwawa pl. alwawa","mnwawa pl. alwawa",
"lijua, pl. majua","lijua",
"liina pl. maina","liina pl. maina",
"mkingi pl. mikingi","mkingi pl. mikingi",
"likonde pl. makonde","likonde pl. makonde",
"lipamba pl. mapamba","lipamba pl. mapamba",
"mai, pl. mimai, mipemb","mai",
"lipute ,pl. mapute","lipute",
"gogo, pl. magogo","gogo",
"lipamba, pl. mapamba","lipamba",
"libwe pl. malibwe","libwe pl. malibwe",
"uso, pl. nyuso","uso",
"linyei, pl. manyei","linyei",
"ukogoto, pl. makogoto","ukogoto",
"likono, pl. makono","likono",
"tugutu, pl. matugutu","tugutu",
"liua, pl. maua","liua",
"mpaka, pl. mipaka","mpaka",
"lipupu, pl. mapupu","lipupu",
"litango, pl. matango","litango",
"lubau, pl. mbau","lubau",
"(i)ngahe?,(a)ngahe?","ngahe",
"omukazi,muka...","omukazi",
"mukuru wa...","mukuru wa...",
"ekikahukire ?","ekikahukire",
"-iha?","-iha",
"omukono?","omukono",
"okwanika,?","okwanika",
"ekikoijo  ?","ekikoijo",
"obwa ntare na nzin ?","obwa ntare na nzin",
"okweterana,okweshorooza ?","okweterana",
"oha?","oha",
"enki? kiha?","enki? kiha",
"-nshi ?","-nshi",
"igishishwa ?","igishishwa",
"gukarisho,gutyaza ?","gukarisho",
"-re-re ?","-re-re",
"guhagatira ?","guhagatira",
"gusasata,kubabwa ?","gusasata",
"kwubaka/kwiibaka ?","kwubaka/kwiibaka",
"kubwira,kuvuga   ?","kubwira",
"umuryango,ubwoko ?","umuryango",
"umuasano  ?","umuasano",
"intaramryi ?","intaramryi",
"dawe, mawe  ?","dawe",
"igifwera ?","igifwera",
"-hwahuka   !","-hwahuka   !",
"umwanda,umwavu, umwaku ?","umwanda",
"dawe ?","dawe",
"dawe?","dawe",
"imbere?","imbere",
"kunyagirwa ?","kunyagirwa",
"guterura?","guterura",
"gusanzaza ?","gusanzaza",
"kuririmba ?","kuririmba",
"kwumva ?","kwumva",
"impere ?","impere",
"igitanure ?","igitanure",
"ubwiki ?","ubwiki",
"ikijiji ?","ikijiji",
"umwunyu ?","umwunyu",
"umuhanyi ?","umuhanyi",
"kwaga ?","kwaga",
"kumviriza ?","kumviriza",
"gukwiza ?","gukwiza",
"nde?","nde",
"gushima ?","gushima",
"kwugurura ?","kwugurura",
"cani?","cani",
"esimba/entare?","esimba/entare",
"kwezingoza,kwetoro..?","kwezingoza",
"(bi)-ngahi?","-ngahi",
"chihi?","chihi",
"kuaga...?","kuaga...",
"kwijula muno?","kwijula muno",
"kuhobelana?","kuhobelana",
"ohi?","ohi",
"echiki?","echiki",
"kwelelera?","kwelelera",
"kushushana na ?","kushushana na",
"kurya?","kurya",
"kutweka ?","kutweka",
"eitungu ?","eitungu",
"-ezire,-biisize ?","-ezire",
"empimbi ?","empimbi",
"kuteekaniriza !?","kuteekaniriza !",
"kunaga,kugusa ?","kunaga",
"owaitu?","owaitu",
"kugaga ?","kugaga",
"kuraba,kugwa enshazi ?","kuraba",
"kukira ?","kukira",
"kuteekateeka ?","kuteekateeka",
"kugayara ??","kugayara",
"orutindo  ?","orutindo",
"bingaha?","bingaha",
"amata    ??","amata",
"omufu;omuntu afiire ?","omufu;omuntu afiire",
"eicumu ?","eicumu",
"shwenkazi or isenkati ?","shwenkazi or isenkati",
"omutom...?","omutom...",
"kwikara ?","kwikara",
"eyomukira guraihire   ?","eyomukira guraihire",
"(ku)subiriza,(ku)rat. .?","subiriza",
"ki?","ki",
"enoijoro ?","enoijoro",
"(ku)kanga,kucwa enki... ?","kanga",
"(ku)tiza ?","tiza",
"swamu omuhanda,kucwisikaniza ?","swamu omuhanda",
"(ku)genya,egenyi  ?","genya",
"(ku)henda akakongo ijoli ?","henda akakongo ijoli",
"alihu?","alihu",
"hwenu?","hwenu",
"yenu?","yenu",
"zingahi?","zingahi",
"ohw-ekolola ?","ohw-ekolola",
"olw-ahanu?, olw-alero?, enyanga yalero","olw-ahanu",
"ohu-kolola, kolola, layesha ?","ohu-kolola",
"samba w fuka ?","samba w fuka",
"edondo?","edondo",
"klakhulu bwene ?","klakhulu bwene",
"klakhulu ?","klakhulu",
"elondo? (pl. amalondo)","elondo",
"esiri? oli? nanu?","esiri? oli? nanu",
"oyu...","oyu...",
"ohu-kesaho?","ohu-kesaho",
"haya, kekhane?","haya",
"aambi, klambi?","aambi",
"mubungi, ohu-jamba, bijambi...?","mubungi",
"ahaligisa ?","ahaligisa",
"ohu-hinga, ohu-khaira ?","ohu-hinga",
"esibeto ?","esibeto",
"ohu-....?","ohu-....",
"ohw-ibira ?","ohw-ibira",
"ohw-ebodohania, ohw-ebiringa, ohw-eodohania?","ohw-ebodohania",
"yihe?","yihe",
"(oku)bhatura,(oku)tema rikohi  ?","bhatura",
"wewi?","wewi",
"kulondera;guhiiga ?","kulondera;guhiiga",
"ikiihe?","ikiihe",
"ubwonko ?","ubwonko",
"tebuuka ?","tebuuka",
"iwuwa(pl.amawuwa) ?","iwuwa",
"igikuze(thing);uukuze(person)  ?","igikuze;uukuze",
"ishida  # vishida ? #","ishida",
"n'doni  # ndoni ? #","n'doni",
"injiao  # injiro ? #","injiao",
"(i)kusongosia  # (i)kusongojia ? #","kusongosia",
"haroro  # haroso ? #","haroro",
"ikulosha  # iikulosha ? #","ikulosha",
"ongua ninsha  # space ? #","ongua ninsha",
"irere fua  # space ? #","irere fua",
"iruruma  # iruvuma ? #","iruruma",
"-ndahu  # -ridahu ? #","-ndahu",
"dala  # daba ? #","dala",
"doo  # oloo ? #","doo",
"nki?","nki",
"idiki?","idiki",
"ihuma  # ikuma ? #","ihuma",
"mwakwa  # mwaka ? #","mwakwa",
"ikubi  # ihubi ? #","ikubi",
"ia  # la ? #","ia",
"yei?","yei",
"kyoki?","kyoki",
"weto;ikyaro kyeto  ?","weto;ikyaro kyeto",
"-ke;-tuuya   ?","-ke;-tuuya",
"rikura;uniku/uruku ?","rikura;uniku/uruku",
"ubhuturutumbi ?;obhoroghi","ubhuturutumbi ?;obhoroghi",
"umuturutumbi  ?","umuturutumbi",
"-ehe?","-ehe",
"sentero ?","sentero",
"ekesekani/ekesokoni ?","ekesekani/ekesokoni",
"nawe?","nawe",
"khe?","khe",
"ukwemia?","ukwemia",
"ukwanga kwikereerania     ?","ukwanga kwikereerania",
"-tora mosembani  ?","-tora mosembani",
"ukunyohera;-hita ?","ukunyohera;-hita",
"okosabhwa ohonshoki   ?","okosabhwa ohonshoki",
"il*or*a  # il*osa ? #","il*or*a",
"r^egha makuhga  # s.b. makugha ? #","r^egha makuhga",
"kishari  # kishaii ? #","kishari",
"iwer*oe  # iwesoe ? #","iwer*oe",
"il*ast  # il*asl, il*ash ? #","il*ast",
"mkakasi  # mkakar^i ? #","mkakasi",
"il*ahia  # il*ohia ? #","il*ahia",
"mmbiu  # mmbir^ ? #","mmbiu",
"mauwamu  # manwamu ? #","mauwamu",
"uyembe  # nyembe ? #","uyembe",
"nyiwi?, nachoe?","nyiwi",
"iuto kisusa  # kisur*a ? #","iuto kisusa",
"kwi? [kwi:]","kwi",
"unanu? [ona:nu]","unanu",
"chiyi? [ceji]","chiyi",
"lino lyesongol?","lino lyesongol",
"ilingwa?","ilingwa",
"chapi?","chapi",
"vaani?","vaani",
"chichi?","chichi",
"ku-keka, kwigala ku-nyun?","ku-keka",
"nouru?","nouru",
"iringe?","iringe",
"okuguru,ekirege(calf) ?","okuguru",
"syomiri ?","syomiri",
"ekizanza-biza   ?","ekizanza-biza",
"emikindo pl.","emikindo",
"hikamu ?","hikamu",
"meza,nyona ?","meza",
"tiangara  ?","tiangara",
"kihe?","kihe",
"ebikiki pl.(ekikiki)","ebikiki",
"niwi?","niwi",
"ihinya,inama,ekihiringita...?","ihinya",
"ko-guluka?","ko-guluka",
"koke?","koke",
"nyingahi?","nyingahi",
"zuhma?","zuhma",
"ya kwahi?","ya kwahi",
"ku-ihenyeza?","ku-ihenyeza",
"hyumvi?","hyumvi",
"ku-pekecheni?","ku-pekecheni",
"yotoa mvula?","yotoa mvula",
"yalihi?","yalihi",
"kwi-ila?","kwi-ila",
"-lete kwngaile?","-lete kwngaile",
"chigasa?","chigasa",
"nkome?","nkome",
"wifi?","wifi",
"hagono?","hagono",
"yuhi?","yuhi",
"mbwani?","mbwani",
"-lendelea?","-lendelea",
"tego, lusingo?","tego",
"-sekulu?","-sekulu",
"ensolo,ensoro?","ensolo",
"ziringukuka,kurunguka,yeziinge?","ziringukuka",
"kusigara,kwiikara?","kusigara",
"eenfwi,esamaki?","eenfwi",
"kukulatila,kuhoondela ?","kukulatila",
"lelo,mbween...?","lelo",
"nyukura,nurula,kuur...?","nyukura",
"olutonyaanga?","olutonyaanga",
"omustari,oluzuro?","omustari",
"ekigaambo,iijaambo,ekiinto?","ekigaambo",
"(zi)-ngahi?","-ngahi",
"ekiho(pl.ebiho)?","ekiho",
"omuhiigi;omunda?","omuhiigi;omunda",
"ekifuba ch''omuti?","ekifuba ch''omuti",
"kunnya ?","kunnya",
"omutwar,iibeenga,ekiba?","omutwar",
"obuzubuki?,embeho,enyamuleenga","obuzubuki",
"(e)-hi?","-hi",
"orugeege,obutari?","orugeege",
"eennyo ?","eennyo",
"(kutambaala)kutambatamba,kutambuka?","kutambatamba",
"kutambila abazimu?","kutambila abazimu",
"igoomba,amagomba ?","igoomba",
"kuloba,kutota?","kuloba",
"kubazila,kuso...?","kubazila",
"kwanzaara,kwenaganaga?","kwanzaara",
"kuta hamu?","kuta hamu",
"tenkuuru,guuk..?","tenkuuru",
"oruzu,iibanda?","oruzu",
"kukweesa,kukurula?","kukweesa",
"obwetaage,echen...?","obwetaage",
"kuserula?","kuserula",
"kureelana,kusokooza?","kureelana",
"engezo,ku-geza,kulwaanisa?","engezo",
"kumulika,kwaacha,kuher..?","kumulika",
"oohi?","oohi",
"eenki?","eenki",
"emihaanda-etaanda?","emihaanda-etaanda",
"orupaanga,embaanda?","orupaanga",
"omwiiso,omuziny..?","omwiiso",
"kukwata,kubaamba,kukoma?","kukwata",
"kusoloma, kutungula ?","kusoloma",
"(kutunga) ?","",
"ikiliil  ?","ikiliil",
"uxunmula ?","uxunmula",
"uxupilimania ?","uxupilimania",
"suuma, gada, iliki + ?","suuma",
"noja, velengula ?","noja",
"umulindimo ?","umulindimo",
"uxu-tuuxa ?","uxu-tuuxa",
"iyime, uxu- ?","iyime",
"-gumba ?","-gumba",
"ng'ang'anila ?","ng'ang'anila",
"lembeela, tndikila ?","lembeela",
"-visiwisi ?","-visiwisi",
"indoolo ?","indoolo",
"kilwaa  + ?","kilwaa  +",
"sambaa ?","sambaa",
"sembya imalem ?","sembya imalem",
"lyunsi jelelo ?","lyunsi jelelo",
"vyala, lembeke ?","vyala",
"tindikula, po ?","tindikula",
"kimbilya imandin  + ?","kimbilya imandin  +",
"nyogonyogo, -tontu ?","nyogonyogo",
"sigalila, dumukila ?","sigalila",
"tasima?","tasima",
"vipya, noona ?","vipya",
"zinga?","zinga",
"kupepemla ?","kupepemla",
"untumwa?","untumwa",
"unanu?","unanu",
"chiyi?","chiyi",
"itakataka?","itakataka",
"embuzi,imbuzi ?","embuzi",
"pisindo ?","pisindo",
"ukutonya,ukunwaamila ?","ukutonya",
"lwoko lya kunandila?","lwoko lya kunandila",
"unchungu ?,amateso,akalanda","unchungu",
"ivato ?,ipanda,amapanda","ivato",
"-kom ?","-kom",
"uni?,oni?","uni",
"ichi?,ochechi?","ichi",
"kutumla ?,kuposola,kukeke ?","kutumla",
"liku?","liku",
"ubwite ?","ubwite",
"kuba nudufukwe?ichifubo","kuba nudufukwe?ichifubo",
"mmasuba ?","mmasuba",
"kukelwa ?","kukelwa",
"gwini,aliku?","gwini",
"koni,choni?","koni",
"(gU)tigIla ?","tigIla",
"(kUbiza) tigI ?","tigI",
"kUgonda, kUmyola?","kUgonda",
"lusana gongo ?","lusana gongo",
"ngulubI ?","ngulubI",
"bUtubu  ?","bUtubu",
"ngume ?","ngume",
"?tale ?","tale",
"iya, nna, noko ?","iya",
"ili (li) ?","ili",
"hayaga ?","hayaga",
"gUtU ?","gUtU",
"lYana  ?","lYana",
"ndImU ?","ndImU",
"mholo ?","mholo",
"igokolu ?","igokolu",
"wangu, galakala ?","wangu",
"mhamba ?","mhamba",
"myaja ?","myaja",
"ndugu ?","ndugu",
"mahUngUlila ?","mahUngUlila",
"gUkumUka ?","gUkumUka",
"gUbImbIkanwa ?","gUbImbIkanwa",
"ibUpU (mabUpU) ?","ibUpU",
"ulu ?","ulu",
"gUtimbya ng'hol ?","gUtimbya ng'hol",
"gUbipiwa ?","gUbipiwa",
"mbeele, sg.iBeele","mbeele",
"kUtambo ?","kUtambo",
"iwe, pl. mawe","iwe",
"lUBiyU, pl.mbiyU","lUBiyU",
"itInI, pl. matInI","itInI",
"(kU)ds ? +","ds ? +",
"-sUlIla,-ongezya ?","-sUlIla",
"mnamgi,mnakaaya ?","mnamgi",
"lUgendo, msInz?","lUgendo",
"njem?, nguluBe","njem",
"ibalabala, ipanda ? +","ibalabala",
"ng'hwi, sg. lUkwi","ng'hwi",
"iBega, pl.maBega","iBega",
"-ikala, -gIIsh ? +","-ikala",
"nda-ndoto, / kIBumb ?","nda-ndoto",
"-daki, -songole ?","-daki",
"-duma, -ham ?","-duma",
"biihI ?","biihI",
"-bUUcha, -dudumu + ?","-bUUcha",
"(kU)shindIkIja, (kU)luta ?","shindIkIja",
"(kw)itUnda ?","itUnda",
"(kU)shinagUla + ?","shinagUla +",
"(kU)gaasa, (kU)loota ?","gaasa",
"nsekuseke, nsekumbi ?","nsekuseke",
"(kU)giisIlIja ?","giisIlIja",
"lImi tole/ dwi,(kU)locha?","lImi tole",
"nsUpa, chUpa ?","nsUpa",
"(kU)daahya  ?","daahya",
"(kU)twiima, -ng'weela ?","twiima",
"(kU)hamba, (kU)BIBa ?","hamba",
"lUpAngA ?","lUpAngA",
"(kU)pilUla, (kU)pIndi+ ?","pilUla",
"(kU)kumbUUla, kumb ?","kumbUUla",
"(kw)igolida, inya + ?","igolida",
"(kU)kaga, (kU)su'mbA ?","kaga",
"(kw)isumata, ikumbata ?","isumata",
"(kU)Beela ?","Beela",
"(kU)tela, ?","tela",
"(kU)sogola,(kw)ImbUla ?","sogola",
"ntili, BUtimbu, ?","ntili",
"(kU)nya ifuzu ?","nya ifuzu",
"ganto?","ganto",
"gexore 7?","gexore 7",
"gexundye 7?","gexundye 7",
"xajao 9?","xajao 9",
"-hera?","-hera",
"mesOri ?6","mesOri ?6",
"uluvambilo(ma)pl.","uluvambilo",
"ikimugege(fi-)pl.","ikimugege",
"litundu(ma)pl.","litundu",
"kimusese(fi-)pl.","kimusese",
"ilikoona(makoona)pl.","ilikoona",
"lukaani(naani)pl.","lukaani",
"ilivega(ma-)pl.","ilivega",
"ililundo(ma)pl.","ililundo",
"umudzigo(mi)pl.","umudzigo",
"-ilikwi?","-ilikwi",
"livwugo(ma)pl.","livwugo",
"ingedzi(ngedzi)pl.","ingedzi",
"lidzuuka(ma-)pl.","lidzuuka",
"ulwimbo,(indzimbo)pl.","ulwimbo",
"umwifwa(imifwa)pl.","umwifwa",
"luselegeti(ma)pl.","luselegeti",
"ulukopa(ing'ope)pl.","ulukopa",
"iliheela(maheela)pl.","iliheela",
"ililuva(ma)pl.","ililuva",
"ilihafwa,(ma)pl.","ilihafwa",
"ilifiga,(ma)pl.","ilifiga",
"lubafu(mbafu)pl.","lubafu",
"likwi?","likwi",
"luviloluvilo;ulwa:njupo?","luviloluvilo",
"(ye)nani?","nani",
"mbe(-)li ?!","mbeli ?!",
"(uku)dwiilila;(uku)suda;(uku)dova??","dwiilila",
"ilingi?valinga?silingi?","ilingi",
"lutaga?","lutaga",
"pavuko ?","pavuko",
"jyumile ?","jyumile",
"kyakatale ?","kyakatale",
"nyolosu,syiolosu ?","nyolosu",
"neni?","neni",
"ukunona,ukudutuva/-dutwa ?","ukunona",
"ukunusa,ukupembusa ?","ukunusa",
"-lenga?(silenga,valenga)","-lenga",
"keleku?(things),yuloki?(beings)","keleku",
"ndiodi ?","ndiodi",
"kumbeka pamauoko ?","kumbeka pamauoko",
"ukotongo waha  ?","ukotongo waha",
"mhalasi ?","mhalasi",
"kukanyatila?,kulevetela","kukanyatila",
"kuyoboka,kupulusu ?","kuyoboka",
"niani?","niani",
"njila sipaghini ?","njila sipaghini",
"kuhowosya,kuvyatipy ?","kuhowosya",
"kuya ni nseghe ?","kuya ni nseghe",
"livogho ?","livogho",
"filingi?","filingi",
"lwala lwa?","lwala lwa",
"lwala lwa hibo ?","lwala lwa hibo",
"sida,khukholanilwa ?","sida",
"(khu)humgudukha ??","humgudukha",
"yilikhu?","yilikhu",
"litongo(mutongo)pl.","litongo",
"lefani,supuni ?","lefani",
"ya yani? yu-ya?","ya yani? yu-ya",
"nkinki?","nkinki",
"ki-sava,(-hol)?","ki-sava",
"kinlwa ?","kinlwa",
"kiwonesa kumwerisha ?","kiwonesa kumwerisha",
"kipinya amasigo ?","kipinya amasigo",
"uveni?","uveni",
"mdala wa...","mdala wa...",
"kiyelenganywa(kiyelenganya) ?","kiyelenganywa",
"debwe ?","debwe",
"amakalo ?","amakalo",
"idwaji(amaduvaji)?","idwaji",
"ikhalubwagala ?","ikhalubwagala",
"kipima,kikej ?","kipima",
"yunani?","yunani",
"-kikhi?","-kikhi",
"-i lingi?","-i lingi",
"-iliku?","-iliku",
"(ku)va nuvu kunue ?","va nuvu kunue",
"kyove kikululu ?","kyove kikululu",
"linalavwe ?","linalavwe",
"kumele ?","kumele",
"vupemba ?","vupemba",
"veni?","veni",
"lino lya somek + ?","lino lya somek +",
"chu ?","chu",
"madoke ga buzuge ?","madoke ga buzuge",
"kubinza,kubulaga,kubela?","kubinza",
"kota isana, kotelisana ?","kota isana",
"ntale ?","ntale",
"kugwisha,kuguma, + ?","kugwisha",
"kutela,kujima,-gogoloha ?","kutela",
"mfwi, sg. lufwi","mfwi",
"lulimi, pl. ndimi","lulimi",
"bwile ?","bwile",
"-tangula ?","-tangula",
"-kahaga ?","-kahaga",
"ibiiba/ibuba ?","ibiiba/ibuba",
"kUrUmIrIra nIUntU?","kUrUmIrIra nIUntU",
"ciigana?","ciigana",
"iriku?","iriku",
"kuringa orubi/ombi?","kuringa orubi",
"kurituba?","kurituba",
"mwiganire?","mwiganire",
"kinyangi?","kinyangi",
"muthenya uunthe?","muthenya uunthe",
"uu?","uu",
"kugania?","kugania",
"munyanjo?","munyanjo",
"kweria,kUthamb  ?","kweria",
"kuugia mUruri?","kuugia mUruri",
"ciIgana?","ciIgana",
"mUka wa mUndU ?","mUka wa mUndU",
"kaviU ka ngoe... ?","kaviU ka ngoe...",
"IrIkU?","IrIkU",
"nU?","nU",
"nIkI?","nIkI",
"syIana ata?","syIana ata",
"kUnengane?","kUnengane",
"kwaIkya;kutetenga?","kwaIkya",
"Itina wa...","Itina wa",
"mwanaa-asa?","mwanaa-asa",
"kUtwaIthya;kUnengana?","kUtwaIthya",
"wIva?","wIva",
"ata?","ata",
"(kU)theukya,(kU)samUkya?","theukya",
"kwIIyIuma meka?","kwIIyIuma meka",
"iana?","iana",
"Ilasa,syomanzala?","Ilasa",
"(kU)ua,(kU)kaana?","ua",
"-va?","-va",
"Uwau wa kwonzya?","Uwau wa kwonzya",
"UU?","UU",
"kyaU?","kyaU",
"ruambo?","ruambo",
"kangamia?","kangamia",
"munungo mIni ?","munungo mIni",
"wambui micore ?","wambui micore",
"mukummuthu ?","mukummuthu",
"hUta,ng'araga ?","hUta",
"wIru?","wIru",
"-gonyaria ?","-gonyaria",
"inUrU ?","inUrU",
"huko ?","huko",
"hUna,igaria?","hUna",
"mwathana? mUnene","mwathana? mUnene",
"muthimimo?","muthimimo",
"-kururia,gucia ?","-kururia",
"ndinoho ?","ndinoho",
"-gutUma?","-gutUma",
"-heana rutha?","-heana rutha",
"gutwarana?","gutwarana",
"riganIvwo?","riganIvwo",
"gUkomba?","gUkomba",
"macamanio ?","macamanio",
"ku-hinga?","ku-hinga",
"kuara mugongo?","kuara mugongo",
"kIimba,nnukuU?","kIimba",
"kurirwa,kugia ruiji?","kurirwa",
"(gu)kuaria?,kwi,namiira","kuaria",
"(i)ndaja,(ju)muraja?","ndaja",
"narua?","narua",
"mungua(kaboro)?","mungua",
"riku?","riku",
"kubutabutia mathagu?","kubutabutia mathagu",
"na riitwa?","na riitwa",
"kumama na kibara?","kumama na kibara",
"nthi or ntura?","nthi or ntura",
"gicigiirio?","gicigiirio",
"nuu?","nuu",
"nimbi?","nimbi",
"mukebe?","mukebe",
"suburia?","suburia",
"nthi injumu,rwani?","nthi injumu",
"rui ingwetie?","rui ingwetie",
"kuwatia makuyu?","kuwatia makuyu",
"(ku)mama na mwongo?","mama na mwongo",
"irinya,kiuru re..?","irinya",
"njwiri?","njwiri",
"chumbi,mwonya?","chumbi",
"kiu,nyumba ya mwaa?","kiu",
"mbacie?","mbacie",
"wuchia rwira?","wuchia rwira",
"(ku)kuanana?","kuanana",
"wuu?","wuu",
"guterene ilia?","guterene ilia",
"jiucita?","jiucita",
"gujiata?","gujiata",
"ruuta, (uthu)bitina,kamena?","ruuta",
"magego ma mathagana?","magego ma mathagana",
"ntimuturaga,mathee,kumukuthula?","ntimuturaga",
"iga ara rutaruta?","iga ara rutaruta",
"tutikwenda muntu amenya?","tutikwenda muntu amenya",
"mboboe(synonym)?","mboboe",
"tung'ang'i?","tung'ang'i",
"kuruithirigia?","kuruithirigia",
"murigio?","murigio",
"kwingiira?","kwingiira",
"kugera nijuni?","kugera nijuni",
"niompoe?","niompoe",
"irienie?","irienie",
"aaa...","",
"tigwa bawega?","tigwa bawega",
"nugwe?","nugwe",
"imbi?","imbi",
"kuthii?","kuthii",
"kuthuurukama?","kuthuurukama",
"cf.mbu","mbu",
"hio?","hio",
"rini?","rini",
"cf.kishushe","kishushe",
"cf.idiva","idiva",
"dhe?","dhe",
"right person?","",
"soni?","soni",
"cf.-ghuha","-ghuha",
"?-uha","-uha",
"kini?","kini",
"luhi?","luhi",
"hi?","hi",
"cf.-mogha","-mogha",
"lukombe?(nkombe)","lukombe",
"lukombe?","lukombe",
"nyihi (ini)  # nyini ? #","nyihi",
"kuwuka kimus#","kuwuka kimus",
"igego-ja-ko#","igego-ja-ko",
"n#","n",
"mawula, matumb#","mawula",
"kuisa wakati, ku#","kuisa wakati",
"kuluka, kusong#","kuluka",
"mwanidu wa womi# [mbaa","mwanidu wa womi",
"kiva  # kira ? #","kiva",
"kuhoresh#","kuhoresh",
"wuchafu, takata#","wuchafu",
"koshi  # kashi ? #","koshi",
"no  # uo ? #","no",
"kuvimba (kuum#) nyungu","kuvimba  nyungu",
"wawa wa wako#","wawa wa wako",
"nyasi (lukangaga#","nyasi",
"mtumwa wa wake#","mtumwa wa wake",
"mtumwa wa womi#","mtumwa wa womi",
"ndaga ya makikuch#","ndaga ya makikuch",
"kuwuya mkong#","kuwuya mkong",
"mbaimbai ya bahar#","mbaimbai ya bahar",
"kuwikiria modony#","kuwikiria modony",
"kuvinavina  # kurinarina ? #","kuvinavina",
"ukujifungula, ukuvyala umwan#","ukujifungula",
"ukufwafwanta, ukutamola#","ukufwafwanta",
"tatavyala, manguvy# la","tatavyala",
"apam#","apam",
"ukuweela, ukwinuk#","ukuweela",
"kinyani  # kinyawi ? #","kinyani",
"luma  # iuma, uma ? #","luma",
"daraja, mdando  # mbando ? #","daraja",
"mshoghodi  # mshoghadi ? #","mshoghodi",
"kyombo  # fyombo ? #","kyombo",
"rongo  # vongo ? #","rongo",
"mburi  # nuburi ? #","mburi",
"vura  # uura ? #","vura",
"ivwaranisha  # ivwaramsha ? #","ivwaranisha",
"ichamua  # iichamua ? #","ichamua",
"vika nyungu kikweny#","vika nyungu kikweny",
"ilopoa  # ilodoa ? #","ilopoa",
"mreka  # mreke ? #","mreka",
"bata [kata la pombe = bata lya wari]  # note #","bata",
"rikoko  # mikoko, nikoko ? #","rikoko",
"ndaho  # ndako ? #","ndaho",
"kurwa  # kuvwa ? #","kurwa",
"ine  # ive ? #","ine",
"mia isadu  # = 300 ? #","mia isadu",
"kyovo  # kyoro ? #","kyovo",
"halla  # haua ? #","halla",
"ifunga  # ifungg #","ifunga",
"itukwa  # itukwu, itulewa, itulewu ? #","itukwa",
"isia sii  # ? #","isia sii",
"iharyu  # ? #","iharyu",
"menya (shuma)  # ( ? #","menya",
"ifuha  # ifuna ? #","ifuha",
"itishya [= to feed child by mouth]  # ifishya ? #","itishya",
"mbuu  # mbuy ? #","mbuu",
"imanya  # imarya ? #","imanya",
"mti  # mfi ? #","mti",
"mwafa  # mwasa ? #","mwafa",
"iwada, ilo#","iwada",
"ongeraka iley#","ongeraka iley",
"ida  # eda ? #","ida",
"idi  # inidi, iindi ? #","idi",
"miri  # min', miii ? #","miri",
"mtiri  # mtin' ? #","mtiri",
"nungu  # nu/ngu ? #","nungu",
"iwereta  # iweneta ? #","iwereta",
"itolya  # itoliya ? #","itolya",
"ewa mane  # manq# ? #","ewa mane",
"uangari  # uangavi ? #","uangari",
"otota  # otata, otuta ? #","otota",
"aribu  # anbu ? #","aribu",
"-booru  # booku ? #","-booru",
"msenge, kidi  # mfenge ? #","msenge",
"ku(vuka)(also kufuma, see #547)","ku",
"ku(tetema) see #528","ku see",
"kuleka (see #512)","kuleka",
"ku(vuka) (see #506)","ku",
"ndumbu(see #748)","ndumbu",
"par*apara  # note #","par*apara",
"kiku#","kiku",
"suka, wawa  # note #","suka",
"ngano  # ngauo ? #","ngano",
"huye na  # note #","huye na",
"ipuo  # ifuo ? #","ipuo",
"wicho, kiuicho  # kikicho ? #","wicho",
"kihongo  # kihonjo ? #","kihongo",
"itik#","itik",
"mbu, mbuwu  # note #","mbu",
"mbu, mtambi  # note #","mbu",
"mbihu  # mbihu ? #","mbihu",
"kilahala  # note #","kilahala",
"uruka wamoru  # wamotu ? #","uruka wamoru",
"mneng'a, mfu  # menga ? #","mneng'a",
"itumbana, ib*kan#","itumbana",
"idima, shinda, b*ing#","idima",
"b*ika handu ham#","b*ika handu ham",
"una, r*ur*uma, amia, ikor*#","una",
"tunya, kaba na nund#","tunya",
"ilala na ub*ari, lali# ura umi","ilala na ub*ari",
"ihob*isha, sutua, tumbua# nanimo","ihob*isha",
"njia sakomansa#","njia sakomansa",
"ivaria, ichemsha  # ivana ? #","ivaria",
"chandu, cha  # eha ? #","chandu",
"ngisese  # ngisise, ngiseje ? #","ngisese",
"mbishi, ngiboru  # mbichi ? #","mbishi",
"iateka  # ialeka ? #","iateka",
"inguruna  # ingurima ? #","inguruna",
"ilikilia  # ilihilia ? #","ilikilia",
"ifurafura, isomva  # isouwa ? #","ifurafura",
"ikania, ifikiri  # ihania, ifihiri ? #","ikania",
"ikiria  # ihiria ? #","ikiria",
"mrika  # mriha ? #","mrika",
"kaa  # haa ? #","kaa",
"ikomana  # ikoreana, ikoriana ? #","ikomana",
"ukungura ???(see #834)","ukungura",
"ilyino ison#","ilyino ison",
"inzila (ifelej#","inzila",
"galuha (nyook#","galuha",
"ukwenda n#  vinama","ukwenda n",
"impep#","impep",
"umulyang#","umulyang",
"ukuv*ungaan#","ukuv*ungaan",
"ung'anyi  # unganyi ? #","ung'anyi",
"mbeu ya kyuum#","mbeu ya kyuum",
"iilyisa  # iilyisaa, iilyisae ? #","iilyisa",
"kinankyoo#","kinankyoo",
"iing'anya, ikwana#","iing'anya",
"mwaanga, mbawar#","mwaanga",
"enda na mar*en#","enda na mar*en",
"mafishi, ngin#  # mafishin ? #","mafishi",
"rongo  # rongyo ? #","rongo",
"iima  # imaa, iimao ? #","iima",
"ipo  # ipoo ? #","ipo",
"ir*a  # ir*aa ? #","ir*a",
"mkuu  # nnkuu ? #","mkuu",
"iifwo  # iifuo ? #","iifwo",
"maronjo, mambur*u#","maronjo",
"ngalya  # ngalija ? #","ngalya",
"yor*u  # yor*a ? #","yor*u",
"saafu  # safu ? #","saafu",
"mumuyo nka#","mumuyo nka",
"mona kik#","mona kik",
"maare mo#","maare mo",
"punduke#","punduke",
"fisoiya fya makinda#","fisoiya fya makinda",
"ukowu  # ukowa ? #","ukowu",
"-aangu, -ny#","-aangu",
"-iloo, ndwa#","-iloo",
"yeenda mw#","yeenda mw",
"ifumbu#","ifumbu",
"mfu wa kyeku#","mfu wa kyeku",
"unyanga unii#","unyanga unii",
"yaambya wa#","yaambya wa",
"kir*ongor*ongo#","kir*ongor*ongo",
"ido#","ido",
"yangata kis#","yangata kis",
"ir*ashika  # irasluka ? #","ir*ashika",
"yalyika  # yalyitea ? #","yalyika",
"iitaambo  # itaambo ? #","iitaambo",
"kiwaro  # kiwan ? #","kiwaro",
"ikulosha, isom#","ikulosha",
"iforisa, ishii#","iforisa",
"kinying'u, ndoos#","kinying'u",
"itura finya, yuum#","itura finya",
"iwira  # iwiru ? #","iwira",
"ifina, ishongoshon#","ifina",
"yaaRwi  # orig. yaaRi #","yaaRwi",
"kiRoo  # kiRoe ? #","kiRoo",
"manga  # orig. mlanga ? #","manga",
"taan shisha   # taari ? #","taan shisha",
"malla  # orig. manla #","malla",
"ikokoi  # orig. ikokoyi #","ikokoi",
"kya  # nkya ? #","kya",
"ikunka  # ikurika ? #","ikunka",
"mwauka  # mwaaka ? #","mwauka",
"itya  # ilya ? #","itya",
"yinyiRi  # nyinyiRi ? #","yinyiRi",
"kuvuha, kupumbuluh#","kuvuha",
"ihambila / amaham#","ihambila / amaham",
"kuvinjilila, kulandata#","kuvinjilila",
"kuhonzya, kulingany#","kuhonzya",
"ishisheto (isha muntu#","ishisheto",
"kuyavila, kutungul#","kuyavila",
"uvepunapo, kusyal#","uvepunapo",
"kupinta, kuzing#","kupinta",
"kumanyana, kuluvil#","kumanyana",
"kutomola, kuling#","kutomola",
"impungo yikulemaz#","impungo yikulemaz",
"kusangaluh#","kusangaluh",
"kulonga ni shilit#","kulonga ni shilit",
"kuluvazu kwa sumbi#","kuluvazu kwa sumbi",
"kuyiputa, kuyisay#","kuyiputa",
"umwalangani, umbesi#","umwalangani",
"sariwa  # sari wu ? #","sariwa",
"ngawo  # ngowo ? #","ngawo",
"mlungana  # mlunguna ? #","mlungana",
"kisamusam  # -u ? #","kisamusam",
"kyaphinya  # ph #","kyaphinya",
"osha, oshia  # asha ? #","osha",
"irumishe  # inimishe ? #","irumishe",
"irumisha  # inimisha ? #","irumisha",
"kyilee iko wanda  # iho ? #","kyilee iko wanda",
"itsuaya, ir*iyo  # itsuayu ? #","itsuaya",
"iwa kipusu  # iwu ? #","iwa kipusu",
"iphamia, iphamira  # ph #","iphamia",
"irunduka  # ininduka ? #","irunduka",
"ipha  # ph #","ipha",
"kifui  # kisui ? #","kifui",
"mbaraeha  # mbaracha ?","mbaraeha",
"ipucha  # ipueha ? #","ipucha",
"imanya  # iruanya ? #","imanya",
"meemba  # mumba ? #","meemba",
"iha  # cha ? #","iha",
"azumbwe, achendele#","azumbwe",
"ululimi / indi#","ululimi / indi",
"ukupilinga (pilinga), kukos#","ukupilinga",
"lampatizya [e.g. with gu#]","lampatizya",
"chitonko (impaf#","chitonko",
"ulupamba / mpamb#","ulupamba / mpamb",
"ukuvuta umu#","ukuvuta umu",
"ukutamba (tamb#","ukutamba",
"indizi, insamba#","indizi",
"ulutumba / intumb#","ulutumba / intumb",
"impandanya, amasans#","impandanya",
"ukuta (ta), ukumala (mal#","ukuta",
"ukupata, ukufopol#","ukupata",
"ulukozyo / nkozy#","ulukozyo / nkozy",
"ukulanda (landa), ukuvwang#","ukulanda",
"ukupipimula (pipimul#","ukupipimula",
"ikome / makome; ichiye / iviy#","ikome / makome",
"umwanche, umwan#","umwanche",
"ukuipangasha (pangash#, ukuteyanya (teyanya)","ukuipangasha",
"ukonona (onona) umuz#","ukonona  umuz",
"ukupololokezy# (pololokezya)","ukupololokezy",
"ifwa / amafw#","ifwa / amafw",
"imvwi, invw#","imvwi",
"ukuvuna (vun#","ukuvuna",
"ukuzanikizya (zanikizy#","ukuzanikizya",
"infumba, infumba#","infumba",
"ukuchinvya (chinvy# [please]; ukwikusha [satisfy]","ukuchinvya",
"ichipump# / ivipumpa","ichipump",
"ukusama (sam#)","ukusama",
"ukukonganya (kongany#","ukukonganya",
"ukukomanya (komanya), ukuzana (zan#","ukukomanya",
"ukukozya (kozy#)","ukukozya",
"ukukonzana (konzan#)","ukukonzana",
"ukupusuka (pusuk#","ukupusuka",
"ukupwa, ukukam#","ukupwa",
"ukuteula (teul#","ukuteula",
"ukuteka intend#","ukuteka intend",
"ukutota (tota) nisum#","ukutota  nisum",
"ukubamba (bamb#","ukubamba",
"ukupapa (pap#","ukupapa",
"ukuulungan# (ulungana)","ukuulungan",
"ukufuma ukunchit#","ukufuma ukunchit",
"ukusenda apamutw#","ukusenda apamutw",
"nyepelela, sungilil#","nyepelela",
"kugonikan#","kugonikan",
"lihoka / mahok#","lihoka / mahok",
"kuloga, kutega, kucheza#","kuloga",
"afwi-mbende (agulumbil#","afwi-mbende",
"wakati wa kupomule#","wakati wa kupomule",
"kuhyagha, kuhalul#","kuhyagha",
"lutatu, lijukwa#","lutatu",
"kimvfwili (mvfwil#","kimvfwili",
"kuwonikana, kupita kunja#","kuwonikana",
"kugubakula, kufwe_kul#","kugubakula",
"kunyivila, kulota mu mas#","kunyivila",
"kuhogola, kupisa, kutol#","kuhogola",
"kudolingan#","kudolingan",
"ndema gwit#","ndema gwit",
"ihyula lasalas#","ihyula lasalas",
"mwe, mwehap#","mwe",
"kihoh#","kihoh",
"(ku)jimua, (ku)kwe#","jimua",
"linu lya pasen#","linu lya pasen",
"kuhangali, kutunz#","kuhangali",
"(ku)gose lugon#","gose lugon",
"(ku)gebuka, (ku)ng'anambuk#","gebuka",
"kujenda kwa mago_l#","kujenda kwa mago_l",
"(ku)nyati (lyoba, m#","nyati",
"(ku)hinangan#","hinangan",
"(ku)kyetangane#","kyetangane",
"kujikyenga kwi mite#","kujikyenga kwi mite",
"likandu / makand#","likandu / makand",
"kubuja kunyun#","kubuja kunyun",
"kule_nganakye sapi#","kule_nganakye sapi",
"ndonya ya kilang# si","ndonya ya kilang",
"kusitapa, top#","kusitapa",
"mala, (limala#","mala",
"kusongukiti#","kusongukiti",
"kughofugh#","kughofugh",
"kilefu, kinjwe# mba","kilefu",
"kutindila, kutindikiha, kuvigha luvigh#","kutindila",
"-hutusa, pwas#","-hutusa",
"ligonguveli, mi#, liganga","ligonguveli",
"bunduki, mbogo# li","bunduki",
"mbonju, kiyun#","mbonju",
"-a samani, mak# ch#","-a samani",
"kupokela mahet#","kupokela mahet",
"liyayaghala / mayayaghala; lubaf#","liyayaghala / mayayaghala",
"kupyaghil#","kupyaghil",
"kulekela, kuying# sa","kulekela",
"kusova mmach#","kusova mmach",
"yeny'  # yeny ? #","yeny'",
"ngarwa  # n'garwa ? #","ngarwa",
"isosouia  # isosovia ? #","isosouia",
"iruva  # iruua ? #","iruva",
"iira  # iiba ? #","iira",
"kibosho  # note 2nd hand here, above #","kibosho",
"iruveu  # iruueu ? #","iruveu",
"mbarata  # nibarata ? #","mbarata",
"vava  # uava ? #","vava",
"ikurika mwana [mtu], yoor# [animal]","ikurika mwana",
"iman'ya  # imanya ? #","iman'ya",
"ikavya toshy#  # pencil only #","ikavya toshy",
"inwaa mayo  # pencil only #","inwaa mayo",
"mang'ar*ua [in an anthill], mkeni#","mang'ar*ua",
"ikoko (ma), ukanda (ma) b#","ikoko",
"(i)furaa  # ifwaa ? #","furaa",
"(i)kuor*ua, ikwor*#","kuor*ua",
"(i)her*a, (i)vinga [in a c#","her*a",
"(i)ranga  # pencil only #","ranga",
"mt'o  # s.b. m`to ? #","mt'o",
"nlakalaka  # pencil only #","nlakalaka",
"nguunde  # ng'uunda ? #","nguunde",
"(i)hit'a  # s.b. (i)hi`ta ? #","hit'a",
"uta  # pencil only #","uta",
"mming'a [human], ingndo ib#","mming'a",
"(i)vikya m`te`te  # (i)vikye ? #","vikya m`te`te",
"(i)yanika  # iyanika #","yanika",
"ikana [?]  # ukana ? #","ikana",
"uhova  # pencil only #","uhova",
"nguku  # pencil only #","nguku",
"udu, (madu) [of tree], (ira [g#","udu",
"(i)t`onsa  # s.b. (i)`tonsa ? #","t`onsa",
"(i)shumwa  # pencil only #","shumwa",
"(i)suva  # pencil only #","suva",
"lira kvari  # pencil only #","lira kvari",
"(i)t'elya  # (i)`telya ? #","t'elya",
"it'onia  # s.b. i`tonia ? #","it'onia",
"kumpepesa, kundemekech#","kumpepesa",
"(ku)lekana, (ku)siana#","lekana",
"uku-chinta, kusama#","uku-chinta",
"isongambw#","isongambw",
"kutumla, kuposola, kukeke#","kutumla",
"mukoji, mulam#","mukoji",
"tatafyala, majifya#","tatafyala",
"kuba mulufukwe, ichifub#","kuba mulufukwe",
"ndonya mpe#","ndonya mpe",
"kubaki, kusingha#","kubaki",
"fungufung#","fungufung",
"kutumishil#","kutumishil",
"kuwonja p#","kuwonja p",
"kuwonja ng'on#","kuwonja ng'on",
"kuhongesha lij#","kuhongesha lij",
"kufwatafw#","kufwatafw",
"kuwomel#","kuwomel",
"(ngu)heshim#","heshim",
"mustali / misit#","mustali / misit",
"(kwi)tovanga#","tovanga",
"kuwulagha#","kuwulagha",
"likamba#","likamba",
"(ku)jumulish#","jumulish",
"linofung'odu#","linofung'odu",
"lukatu lwa muwong#","lukatu lwa muwong",
"kusemuka, kutok#","kusemuka",
"kwa mulung#","kwa mulung",
"pambindi kabi#","pambindi kabi",
"kulundosi lwa# chilima","kulundosi lwa",
"liwulu / mawul#","liwulu / mawul",
"chitabatil#","chitabatil",
"kupungil#","kupungil",
"kuwulush#","kuwulush",
"kufina msamb#","kufina msamb",
"chambemb#","chambemb",
"kuponda chum#","kuponda chum",
"ligongoveli / migongov#","ligongoveli / migongov",
"kwikala pas#","kwikala pas",
"(ku)wumba (viyun#","wumba",
"kumtila mlung#","kumtila mlung",
"chishuwupi ch# liwulu","chishuwupi ch",
"lisomi / misom#","lisomi / misom",
"chala cha liwul#","chala cha liwul",
"sungusun#","sungusun",
"chilongu / vilong#","chilongu / vilong",
"siku lwond#","siku lwond",
"kumyang#","kumyang",
"mpaka / mip#","mpaka / mip",
"kupindul#","kupindul",
"kuyalamil#","kuyalamil",
"kufwayil#","kufwayil",
"kufughul#","kufughul",
"kudumwa ngil#","kudumwa ngil",
"(ku)yenela, (ku)chechengan#","yenela",
"ndeve, mtimbu, mtek#","ndeve",
"(ku)kolela, (ku)humbul#","kolela",
"ikwisosyam#","ikwisosyam",
"ukwilusan#","ukwilusan",
"ikilond#","ikilond",
"ulukolol#","ulukolol",
"ugwakisige# kimo","ugwakisige",
"injosi (uku# gogwa injosi)","injosi",
"ukununga ubunun#","ukununga ubunun",
"ukugangul#","ukugangul",
"ukupinyani#","ukupinyani",
"ula (uk# la)","ula",
"ulundos#","ulundos",
"ulungalanga#","ulungalanga",
"kipembekim#","kipembekim",
"imbikipik#","imbikipik",
"libolile (ukubol#","libolile",
"ukukol#","ukukol",
"ukunagan#","ukunagan",
"inyapin#","inyapin",
"italaka - ukusok#","italaka - ukusok",
"ukwijegekesy#","ukwijegekesy",
"ukusubil#","ukusubil",
"ikyengenyum#","ikyengenyum",
"amangulungul#","amangulungul",
"ukwima ukugo# loka","ukwima ukugo",
"ukummonang#  umwana","ukummonang",
"ilyung# lu","ilyung",
"akakwa k# njuni","akakwa k",
"pamus#","pamus",
"ingokosya ingaf#","ingokosya ingaf",
"ukusambulany'a (n#","ukusambulany'a",
"ulwanda (ubutol#","ulwanda",
"nfundikog#","nfundikog",
"kanunu fijo#","kanunu fijo",
"-nywamu#","-nywamu",
"ngulonda, ukwigan#","ngulonda",
"ukukana, ukusit#","ukukana",
"ukukumbuk#","ukukumbuk",
"ukukwe#","ukukwe",
"ukukumbat# la","ukukumbat",
"ukufumb#","ukufumb",
"ukukupikil#","ukukupikil",
"ukwenguk#","ukwenguk",
"ukubuli#","ukubuli",
"ukupelelesy#","ukupelelesy",
"imbendi, ulu# pale","imbendi",
"ukulagisy#","ukulagisy",
"ukufwananil#","ukufwananil",
"ukwaganila, ukukoma# na","ukwaganila",
"ukwenel#","ukwenel",
"ukusanusy#","ukusanusy",
"ukusigil#","ukusigil",
"ukukingul# , ukukuputula","ukukingul",
"ukupilikisy#","ukupilikisy",
"ukukaga imbep#  inyali","ukukaga imbep",
"utyelemuk#","utyelemuk",
"ishijera isha nsamb#","ishijera isha nsamb",
"ayumilwe#","ayumilwe",
"kwenya#","kwenya",
"inkambaku#","inkambaku",
"itundu / amatund#","itundu / amatund",
"umujaha#","umujaha",
"unahambuzy#","unahambuzy",
"kuhatazya, kuhatal#","kuhatazya",
"kuzata ngati lup#","kuzata ngati lup",
"ukununk#","ukununk",
"ukunyepa (ku lugus#","ukunyepa",
"ichipenenkedy#","ichipenenkedy",
"ukupepa, ukutambik#","ukupepa",
"umnumendo [boy], umha# [girl]","umnumendo",
"ulwiimbo / inyim#","ulwiimbo / inyim",
"ukwemenkan#","ukwemenkan",
"ukukoma, ukugulungidy#","ukukoma",
"kuwere ga vibul#","kuwere ga vibul",
"moku (mnguu), mala (wa kum#","moku",
"kukokosa, (kupokos#","kukokosa",
"mganga, mhawi#","mganga",
"kutawa pamwe#","kutawa pamwe",
"kana videta#","kana videta",
"(ku)lewa, kulikom#","lewa",
"(ku)longa, (ku)zyu#","longa",
"shisoweru / visowe#","shisoweru / visowe",
"shimpund#","shimpund",
"mwana, nonu [mt# mdog#","mwana",
"koyera, (kupum#","koyera",
"kulemera kumberi#","kulemera kumberi",
"kulififa pa shbambaz#","kulififa pa shbambaz",
"sambizya, londolola, langisy#","sambizya",
"alondolezw#","alondolezw",
"abo'l#","abo'l",
"iboz#","iboz",
"abale lwa pans#","abale lwa pans",
"ahwikhomezan'y#","ahwikhomezan'y",
"imbw#","imbw",
"ulwivw#","ulwivw",
"abuzye, abule#","abuzye",
"ahwibonesy#","ahwibonesy",
"akhalamush#","akhalamush",
"amanyizy#","amanyizy",
"kibanda, cheng#","kibanda",
"kushunga, kuzingazing#","kushunga",
"kuazima, kuombeza kintu ndicho mntu auze#","kuazima",
"nkandankanda ya (ziwa, mto, bahar#)","nkandankanda ya",
"kuzingiza kwa wogh#","kuzingiza kwa wogh",
"kueleka, kuiye#","kueleka",
"kuingiwa ni mol#","kuingiwa ni mol",
"kuinua mwe mtwi, kuangai#","kuinua mwe mtwi",
"simba, miiso  # two hands #","simba",
"iyenengwa mwan#","iyenengwa mwan",
"yaaba, ikava rangi  # two hands #","yaaba",
"nteko, nfwah#","nteko",
"(i)riingia   # i with and without dot #","riingia",
"iirina       # i with and without dot #","iirina",
"ukusha wa mafaam#","ukusha wa mafaam",
"iraa kwa mungo#","iraa kwa mungo",
"ifinga kwa kamb#","ifinga kwa kamb",
"yeeda mahenr#","yeeda mahenr",
"ikyokoo (ma-nky# [pl.]","ikyokoo",
"ifua la mung#","ifua la mung",
"ishida  # vishida ? #","ishida",
"ikiva mahenr#","ikiva mahenr",
"ikoru (mak#","ikoru",
"ofari  # 2nd hand #","ofari",
"n'doni  # ndoni ? #","n'doni",
"kyekya akwa, deye akw#","kyekya akwa",
"injiao  # injiro ? #","injiao",
"ishoshova#","ishoshova",
"(i)kusongosia  # (i)kusongojia ? #","kusongosia",
"haroro  # haroso ? #","haroro",
"ikulosha  # iikulosha ? #","ikulosha",
"mwanamao#","mwanamao",
"buraato  # see note #","buraato",
"ongua ninsha  # space ? #","ongua ninsha",
"iraa na tari imwa#","iraa na tari imwa",
"kyiroku, bele, book#","kyiroku",
"nlingi, nlan#","nlingi",
"irere fua  # space ? #","irere fua",
"ivanika mwa# mungo","ivanika mwa",
"iruruma  # iruvuma ? #","iruruma",
"-ndahu  # -ridahu ? #","-ndahu",
"dala  # daba ? #","dala",
"doo  # oloo ? #","doo",
"ihuma  # ikuma ? #","ihuma",
"mwakwa  # mwaka ? #","mwakwa",
"ikubi  # ihubi ? #","ikubi",
"ia  # la ? #","ia",
"ipaka lya ngur^uny#","ipaka lya ngur^uny",
"il*or*a  # il*osa ? #","il*or*a",
"r^egha makuhga  # s.b. makugha ? #","r^egha makuhga",
"kishari  # kishaii ? #","kishari",
"iwer*oe  # iwesoe ? #","iwer*oe",
"il*ast  # il*asl, il*ash ? #","il*ast",
"mkakasi  # mkakar^i ? #","mkakasi",
"il*ahia  # il*ohia ? #","il*ahia",
"mmbiu  # mmbir^ ? #","mmbiu",
"mauwamu  # manwamu ? #","mauwamu",
"uyembe  # nyembe ? #","uyembe",
"iuto kisusa  # kisur*a ? #","iuto kisusa",
"chiwakala / viwakal#","chiwakala / viwakal",
"ukwelezy#","ukwelezy",
"kusongola [koso*n*go*:#","kusongola",
"ichiwanja [ecewan$j*a#","ichiwanja",
"kukwiyona [kokwi:jo*:na#","kukwiyona",
"kusegemela [kose*ge*me*:#","kusegemela",
"kukocha [koco*:ca:], (kupemba) [kope*:mb#","kukocha",
"kukalipa [kokale:pa], kusongoka [koso*n*go*:k#","kukalipa",
"amaw*ia [v*e#","amaw*ia",
"kukwikalana [kokwikala:na], kukwinala [kokwi:na:l#","kukwikalana",
"kulola [kolo*:la], kukwangalila [kokwan*gale:la#","kulola",
"kulepula [kole*po:la], kukwatula [kokwato#","kulepula",
"umwanitu [omwane:t#","umwanitu",
"ilino lya zovu [eli:no*: lja zo*:vu#","ilino lya zovu",
"(ikande); ungumba [o:n*go:mba#","",
"kupita [kope:ta], kulamba [kola:mba#","kupita",
"kuyengetuka [koje*n*ge*to:k#","kuyengetuka",
"kukana [kukana], kupingu [kope:n*g#","kukana",
"ifiya [ifi:ja] / amafiya [amafi:ja#","ifiya  / amafiya",
"kufinyana [kofin$a:na#","kufinyana",
"igobwe [igo*:bwe*] / amagobwe [amago*:bw#","igobwe  / amagobwe",
"kugaya [kogaja], kutetema [kute*te*m#","kugaya",
"kuyegela [koje*ge*:la], kutepetela [kote*pe*te*:l#","kuyegela",
"kukwiwanza [kokwi:v*anz#","kukwiwanza",
"kunyong'onyel# [kon$o*n*o*n$e*:la]","kunyong'onyel",
"kulandala [kolanda:l#","kulandala",
